timestamp,TAN_return,TAN_volatility,FAN_return,FAN_volatility,ICLN_return,ICLN_volatility,XLE_return,XLE_volatility
2024-05-16 04:00:00,-0.057085831126271774,0.015280215431918945,0.08644156332407965,-0.03971267251011357,0.022709748338978597,-0.13312500547964945,0.1306551526860914,-2.3188942971184776
2024-05-17 04:00:00,-0.05570745114934736,0.2437011984982644,0.08510180049171703,0.23098531488658985,0.023378865940879956,-0.4401516090129097,0.13115329416329938,0.6474036541658117
2024-05-20 04:00:00,-0.05475477813387211,12.240787244479128,0.085072685922265,8.544031497643111,0.023911433540914878,-7.222619391187747,0.13442910810535885,15.204196405093892
2024-05-21 04:00:00,-0.05341659443233038,-0.04330696591660896,0.08555663246261233,0.07736487269682628,0.024726047266073914,-0.10766400211648142,0.1385249559147354,-0.6358232391697956
2024-05-22 04:00:00,-0.05375744754635958,0.03835987812013825,0.08488974874357383,-0.0031570794020913465,0.024404682256195492,-0.17676605475391813,0.13830393413826428,0.8724049927285891
2024-05-23 04:00:00,-0.05506076163235796,-0.09965866221673222,0.08527207154911559,0.057837693511496355,0.023501881713351658,-0.1413239771035586,0.14069331118399245,-0.16865968431199913
2024-05-24 04:00:00,-0.06065704309690076,-0.12422531048091146,0.0848890530069479,0.07389858772197032,0.02033648049852138,-0.11121528528054145,0.1451001341620709,0.2501024729952331
2024-05-28 04:00:00,-0.06334845645584772,-0.19737901997444995,0.0847702704140682,0.003982141658380664,0.020089685253574296,-0.10888194232347045,0.1467758873122666,0.20893680619000554
2024-05-29 04:00:00,-0.06414978617429784,-0.06623651503292827,0.08494831939201741,0.027759407890313587,0.020255893264920583,-0.11329699940580779,0.1464732621435365,0.1121734526741774
2024-05-30 04:00:00,-0.06268718625281663,-0.12923776098639514,0.08438370728303382,-0.012711507995566862,0.02049727732089346,-0.08855639352821881,0.14564087576699483,0.17594890060183835
2024-05-31 04:00:00,-0.0639685664451691,-0.039692298138734705,0.08021600622535707,-0.011792912080830772,0.01888728545738469,-0.03479184930341117,0.1418443019008747,0.12120346273344451
2024-06-03 04:00:00,-0.06477836794989467,-0.07116606373719986,0.07902662885357312,-0.007392255860666885,0.01828674987168455,-0.043450068688699106,0.14446692823433516,-0.18340987834373945
2024-06-04 04:00:00,-0.06450089590924907,-0.09356630938563329,0.07954274711442713,-0.007675433110909249,0.01864469363066415,-0.06537197135451478,0.14314550823474637,-0.7362294598937984
2024-06-05 04:00:00,-0.0644413889594547,-0.09302424510748147,0.07973739853693854,0.005276524218191886,0.018633666015460987,-0.04474033882261938,0.14501419460004308,-0.35636312490135075
2024-06-06 04:00:00,-0.06501493082434809,-0.05126838277516757,0.08003712998781598,-0.025876627664785268,0.01860223823491086,-0.027541875414521605,0.1448647566956605,0.3955057991309096
2024-06-07 04:00:00,-0.06557992392885809,-0.0966143409664425,0.07984553246222983,-0.02106576852009759,0.018553426414094604,-0.04298524138401191,0.14546066543611114,0.6247025590832657
2024-06-10 04:00:00,-0.06472853772704215,-0.09120354789239477,0.0809789460176879,0.01748386313318334,0.019442426392393297,-0.03217380744875342,0.14593340509246855,0.22192301002864878
2024-06-11 04:00:00,-0.0652897580493676,-0.08094556567707062,0.08187555030624108,0.031390860057116,0.019403670263588996,-0.008417517281211956,0.14736316924935844,0.10135100446218287
2024-06-12 04:00:00,-0.06485989263673117,-0.1208745108701256,0.08194809361649016,-0.008072115338379815,0.01948644315967013,-0.051367978786953566,0.1476272099914397,0.1354813965997574
2024-06-13 04:00:00,-0.06497697996800308,-0.07301659132039942,0.081130446310061,0.13809607020886844,0.018836960275064707,0.0013812936162168887,0.14701177797609707,0.07989757672035513
2024-06-14 04:00:00,-0.06559082232465216,-0.1177691616824372,0.08342653135082793,0.11676408969090683,0.019877053603227418,-0.010985139990184162,0.14635351471415003,0.5390206093873269
2024-06-17 04:00:00,-0.06563173899173214,-0.0899222457727104,0.08417168419811398,0.130737496446432,0.020061783035181302,-0.06178209414465076,0.14617692889214218,0.06632471404864988
2024-06-18 04:00:00,-0.0658123426746639,-0.05849713449314897,0.08404809892026319,0.08280174773086903,0.019996496903519234,-0.007178220560430215,0.14535195290492708,0.09358196551396555
2024-06-20 04:00:00,-0.06591783193474651,-0.016740870983390277,0.0849639500527618,0.07432957629087592,0.020124962456925855,0.05026161588352693,0.14677697063828368,0.13852948511846636
2024-06-21 04:00:00,-0.06648423943029419,0.009855678352339511,0.08523406839996203,0.0077321101416295,0.01978967647441382,0.022319752634075346,0.14575189342087047,0.04823283223953269
2024-06-24 04:00:00,-0.06654859236126445,-0.03621730519696534,0.08524095226013702,0.038459411488286716,0.0198456232399489,-0.04790237201817027,0.14534000803956496,-0.09317460581918383
2024-06-25 04:00:00,-0.06578712546762339,-0.010169689190848916,0.08538537285314513,-0.018784536123616052,0.020032463696027736,-0.003863181456072007,0.14582289180834834,-0.1037087078466874
2024-06-26 04:00:00,-0.06583513456408194,0.024120644914855206,0.08523831739359099,-0.04523112814196478,0.01948291942968719,-0.03732477451108133,0.14830770699196127,-0.7281926913307827
2024-06-27 04:00:00,-0.06494147347320225,0.007579541487497503,0.08549638957726917,-0.02031767851552621,0.020545962438709153,0.010761341338972136,0.15193659730363984,0.7225529605138091
2024-06-28 04:00:00,-0.0634892876024711,0.023195223949660497,0.08510995066820275,-0.02784249173710296,0.021022838112329106,0.03228651348813749,0.15314714682095315,0.29818934331467384
2024-07-01 04:00:00,-0.06393903718172539,0.02400879511164066,0.08648277389276918,0.0305286844029328,0.020784301443849545,0.03248957651506494,0.15650989759911116,0.1782207873134596
2024-07-02 04:00:00,-0.06239008325567344,0.002327274854301003,0.08945728818427812,0.0037954895438391412,0.022156828931284567,0.016648119206843393,0.16107732220151857,0.14871222665843986
2024-07-03 04:00:00,-0.06231587696603608,0.009593569670877026,0.08931539851080923,0.07846061873577861,0.022149465358873965,0.051279943398991765,0.1622917579696726,0.15928517304125167
2024-07-05 04:00:00,-0.061960871152212826,0.032872295397088414,0.0900813663776436,0.006490889282690676,0.022829976354329568,0.0038295138633426817,0.1619865829558694,-0.045146317049759827
2024-07-08 04:00:00,-0.06236466707471769,-0.030726641170232494,0.09150889498193476,0.013288810984086658,0.02347204230570865,-0.05252943421806433,0.16289087398910995,0.0015879646930812273
2024-07-09 04:00:00,-0.06237148918165042,-0.004310275267797634,0.09242162236161262,0.005143563919255023,0.023783980860185988,-0.026804646196307097,0.16278270304089265,0.01769046570491683
2024-07-10 04:00:00,-0.06419646171253107,0.0021531737357044153,0.09146663232954552,0.021268445576624134,0.022758409561429688,-0.01281969589440106,0.16065713929708042,0.04968398738078238
2024-07-11 04:00:00,-0.06297491165167007,-0.02340456204658012,0.09193563468620111,-0.009738723884414102,0.023578541564225453,-0.05518960077575352,0.16346845867463553,0.0015718135249549042
2024-07-12 04:00:00,-0.06356936692225387,0.016804431837334488,0.09195318405049611,0.020769557892743748,0.02342983623109135,-0.012596596996314852,0.16334928234833077,0.033247431630748586
2024-07-15 04:00:00,-0.06372552969779474,-0.0838780080777729,0.09238194929029558,-0.0003196277798431027,0.02342913385669909,-0.06974891031234212,0.16489236816104222,-0.009534621635393613
2024-07-16 04:00:00,-0.06763515895800182,-0.028702071191933645,0.08952724149444105,-0.0792577270053135,0.02095007310216357,-0.08440731710052185,0.17191113578362455,-0.02157993076352486
2024-07-17 04:00:00,-0.07260791018261956,0.04744186028687286,0.08631633686591847,-0.047662993463300884,0.017615203171401056,-0.022301320021683557,0.17247142830523507,0.03428776736987349
2024-07-18 04:00:00,-0.07358931126705709,0.006435754264971685,0.08712881871806363,-0.018644552391904823,0.017891513713891333,-0.07229711120489905,0.17295737504816028,-0.03067581245444133
2024-07-19 04:00:00,-0.0736091921356708,-0.025501605313516765,0.0870444951994495,-0.018023465923008117,0.017860078385948636,-0.04219496117045057,0.1755380473434245,-0.22859822514318284
2024-07-22 04:00:00,-0.07324062742287715,0.0048928395266846225,0.08715379149872089,0.00016708547273167063,0.018064999879561672,-0.03396878626152883,0.17468936290231213,0.04867708435651535
2024-07-23 04:00:00,-0.07307763437664325,-0.007501933445105968,0.08689647029944086,-0.044205829941829616,0.017715970556460486,-0.05505788052160762,0.17592806882656972,0.15162612975664963
2024-07-24 04:00:00,-0.07282277214836494,-0.028162204896551996,0.08572678754900652,0.012351871239202214,0.016801324371508886,-0.047026819030062686,0.17505397400134742,0.2565674223020038
2024-07-25 04:00:00,-0.07285070140049252,0.18805642241891402,0.08514236179046863,-0.06169483622586673,0.015964701169532663,0.049495291890018944,0.17416452809773872,0.32114321329258033
2024-07-26 04:00:00,-0.07058863970360757,-0.0656869571574714,0.08559196067478947,0.17831721270644302,0.016899930408950936,-0.04730783524873263,0.1753371460035642,-0.14796864588904046
2024-07-29 04:00:00,-0.0710168404368679,0.08696369485392103,0.08494846992333047,0.3514431881579615,0.01623263650437501,-0.005261881934469443,0.17474755808071693,-0.041759161547101076
2024-07-30 04:00:00,-0.06936306981896773,-0.017724556443060993,0.08825366260111199,0.038863690614973995,0.018650021583198284,-0.060906602016745,0.1724972654969398,-0.23459546744453633
2024-07-31 04:00:00,-0.06885135631399822,0.14517082072138535,0.08919433503910719,-0.220712479251298,0.019326495967214308,0.06991941668961205,0.17577936292243987,-0.13867642671944613
2024-08-01 04:00:00,-0.06888005334784947,32.86678401176117,0.08959258742206273,-0.5431611883288175,0.02009405036966802,15.885453942157868,0.17544864784326936,21.434281116016454
2024-08-02 04:00:00,-0.0667907400289556,0.07740412632576306,0.09014249932790738,0.16768182139679125,0.02210603072416001,-0.04215266753946025,0.17606054466810456,-0.04007459178021322
2024-08-05 04:00:00,-0.06761915690673079,-0.011370437085268276,0.08925081619288529,0.02534645146171907,0.021224884230234303,-0.0008132160735476873,0.17519581949299778,-0.24609583242735167
2024-08-06 04:00:00,-0.06791244178888267,0.4691307521415333,0.08850712772382616,-0.17859696119228813,0.020551647601489725,0.1827328056853908,0.17569042822095232,-0.04980056190789439
2024-08-07 04:00:00,-0.066523435253323,-0.057663901777963905,0.08763880278874878,0.0024456209765450834,0.020530846109561657,-0.062245403013179684,0.17631463227179667,0.06335919840463074
2024-08-08 04:00:00,-0.06500644981223258,-0.06521322481247262,0.0889276382990497,-0.007113063462112115,0.021918343011873065,-0.08007919101714198,0.17658490926595571,-0.0002972783879036517
2024-08-09 04:00:00,-0.06756422901282721,-0.006731813490301414,0.08725860706281856,-0.032182192703968784,0.020400246762756563,-0.04990038058138571,0.17567390428248797,0.006503990289945749
2024-08-12 04:00:00,-0.0686629643832633,0.022272212722834167,0.08668313502734559,0.01425730501544023,0.019848008639359704,-0.031072008551479374,0.17379481969600918,0.015643847632641497
2024-08-13 04:00:00,-0.06769703630492463,0.02892565865646804,0.08711486493287812,-0.02719276515629218,0.020434366942442828,-0.04632549722915044,0.1729054142918441,-0.0276107840438113
2024-08-14 04:00:00,-0.06573963135872832,0.0010473010115372716,0.08705830158352602,-0.21200411607998182,0.02261112656149794,0.013901388554271865,0.17776191454809126,-0.20056363989332884
2024-08-15 04:00:00,-0.06381009217695119,-0.015109274927885052,0.08828464821394615,0.05984496182552661,0.024736866510285893,-0.02276403924010864,0.18788154700891135,0.05705387169290181
2024-08-16 04:00:00,-0.06318406651666977,-0.08836650305101038,0.08947910983351007,0.015778570947364505,0.026102285084231736,-0.07577772113994166,0.1888733425786594,0.1548784707450404
2024-08-19 04:00:00,-0.06286265113324185,-0.08379152987335863,0.09065655167996055,-0.0031344903939888036,0.027188656651764315,-0.042015662964418055,0.1895856371482143,-0.012365203807308971
2024-08-20 04:00:00,-0.06216939852513284,-0.030388596726196412,0.09584582354401108,-0.0018623078620642539,0.029441130427461826,-0.006095891825193916,0.19751036198425775,-0.8883621547835281
2024-08-21 04:00:00,-0.062366052490356844,-0.12059924500099914,0.09615618413250385,-0.01679764468588696,0.029607632832330227,-0.09959551423070387,0.19975278034663008,0.06843352298806296
2024-08-22 04:00:00,-0.05979828306031723,-0.07295310337641955,0.09833608313605316,-0.09161902352242299,0.03194782255370218,-0.05228126476899614,0.20107964843303358,0.5355610718694034
2024-08-23 04:00:00,-0.056859697470899195,-0.08668388334819892,0.10091552900278705,-0.0028913282441132577,0.03478107893165977,-0.11919410527405974,0.20228381204891155,0.3047161416504589
2024-08-26 04:00:00,-0.059000589943978415,-0.07784445797092021,0.09919035490593787,0.002201856743993355,0.03352676090859716,-0.05622855785712319,0.20025117976091528,-0.19473376266960618
2024-08-27 04:00:00,-0.06111651764228143,-0.11098278438645284,0.09748036781770145,0.039740928137219036,0.03211347365078254,-0.1310453996239969,0.19941771751976017,1.46040787904231
2024-08-28 04:00:00,-0.06063888794293795,-0.045469271801336184,0.09784485698388254,-0.11479526752623945,0.03229404066222044,0.04929681957050847,0.20138497881399342,-1.8724728151326933
2024-08-29 04:00:00,-0.06070423441289799,-0.14125233762516098,0.09789873766446268,-0.08932847644848663,0.032168129681911184,-0.17195801614281278,0.20178583946156242,-0.9118175843682338
2024-08-30 04:00:00,-0.055971741080280885,0.04393338939563164,0.1059479957131117,0.09612786407449417,0.0379949945706565,0.16479131749538495,0.2019130730459312,-4.027606359521888
2024-09-03 04:00:00,-0.051667872783871666,0.4374005224035037,0.11300480078682079,0.3179099778796804,0.04300406402669962,0.6944551959516786,0.20632992964309527,-2.4895066862814748
2024-09-04 04:00:00,-0.05331637491431032,-0.11524243984291202,0.11018496912675768,0.02243192368464242,0.04065689550834711,-0.028527210082649662,0.20045912935369578,0.24408958453406748
2024-09-05 04:00:00,-0.058127892749945315,-0.0891112867670269,0.10654407741123782,-0.00015691843972327974,0.03645942054676041,-0.008006285679039833,0.1940252238820102,0.5850521697851763
2024-09-06 04:00:00,-0.05901758612951252,-0.21143968858794646,0.10646952791856362,-0.008271044061569088,0.03635275629117296,-0.09896823832575116,0.19076769578440633,-0.042448668621955246
2024-09-09 04:00:00,-0.056001025985142616,-0.2216144633053207,0.10920509482921709,-0.05510217692945196,0.03862044840611503,-0.179108418040402,0.19186123878842504,-0.7627006811463317
2024-09-10 04:00:00,-0.052293679761160616,-0.18916544620202114,0.11175017704792409,-0.05322199077458681,0.04088833266108344,-0.14064460961236988,0.19525958663190646,-0.007294896665119736
2024-09-11 04:00:00,-0.051817451170651924,-0.1600859909873397,0.11169039413015294,-0.02678232866206337,0.04106519058530986,-0.1308195133336373,0.1975578056432809,0.04970794727108622
2024-09-12 04:00:00,-0.050112773699543034,-0.2046420389751713,0.11431109020107243,-0.0353806658361423,0.043802989344533055,-0.17278591256427495,0.1992415368735641,-0.020360332350938416
2024-09-13 04:00:00,-0.050551341778486025,-0.13284644909190008,0.11559979420526585,-0.03534299359772258,0.044539242712427235,-0.07775585100541507,0.19939952513133663,-0.03510973920640483
2024-09-16 04:00:00,-0.05100482182807162,-0.11823634439293507,0.11530053110700779,-0.0258021077591038,0.04393161710846041,-0.05494324592347752,0.1995103314429465,-0.07759892839964244
2024-09-17 04:00:00,-0.05098798684478911,-0.10430397217503037,0.11505877844319051,-0.02003532607314376,0.04383270879467216,-0.04292768440377079,0.20033403241999298,0.10046568420483729
2024-09-18 04:00:00,-0.05063385042873625,-0.15951138983199123,0.11481248446225133,-0.05357577882240536,0.0436219844787922,-0.15418425560869325,0.1998841617349329,-0.0035928175989035915
2024-09-19 04:00:00,-0.0515306342683674,-0.13278480021117606,0.1141312349390481,-0.047875784797386384,0.04272266310019357,-0.10451095391054963,0.19880814922441645,0.23491141312853803
2024-09-20 04:00:00,-0.05010630628256016,-0.13108559974073045,0.11493710559598776,-0.018109816192968836,0.04351055747914115,-0.11356956197033474,0.2006705786060713,0.15204690965056775
2024-09-23 04:00:00,-0.050662136828608345,-0.12161547273835635,0.1142929438289431,-0.013851217338135324,0.043263005628665085,-0.09137992159738742,0.20225634808593818,0.24030067932204918
2024-09-24 04:00:00,-0.04932370411905315,-0.08212952562524375,0.11490843516260395,-0.017956525814193935,0.04437798820141653,-0.07293039193368786,0.2039480402967221,0.17456043257468187
2024-09-25 04:00:00,-0.048325734315165014,-0.04718169361850075,0.11544711487731585,-0.030578881709554306,0.045160556696431264,-0.06584982060025169,0.20300910685699108,0.1330398810389023
2024-09-26 04:00:00,-0.04403596980994101,-0.04494237774684698,0.11875376133116179,-0.05898925252317999,0.049414612861664625,-0.06326511030125417,0.20625191085191838,0.06967199458306998
2024-09-27 04:00:00,-0.03922257409216226,-0.0018583880440046774,0.12297544813965651,-0.011742962146322755,0.054752853667632745,-0.019759180423259526,0.20993270451059504,0.1360318853433451
2024-09-30 04:00:00,-0.03755683190145806,-0.024526020732939413,0.12481256713251969,0.04225616819459946,0.056484845673921785,-0.028008580084888657,0.20281593489438784,0.11562284452326599
2024-10-01 04:00:00,-0.037460863686828105,-0.023735536368996085,0.1248810982583857,0.025249195551980436,0.05646694921570475,-0.034591016604485436,0.20350275735559886,0.10891669095826605
2024-10-02 04:00:00,-0.036500270699341,-0.05165100707378026,0.12733923275551828,0.06329587889737218,0.057604022399935284,-0.012892553306391746,0.2094566155012531,0.10257260076285547
2024-10-03 04:00:00,-0.035434761635807194,0.009592244499278618,0.12773365613731252,0.09349928621371549,0.05861260320097442,0.04696200934730366,0.2074247944917912,0.12143180835488704
2024-10-04 04:00:00,-0.03141183376225065,-0.013064992690254879,0.1300322324784589,0.11304893260629742,0.06206756681548553,0.0353091685439037,0.2092164507282414,0.11193975463101219
2024-10-07 04:00:00,-0.027157831492729434,-0.052821521045558595,0.1318298596022872,0.11307885300893655,0.06689137930089767,-0.023953635275959784,0.21136134066497386,0.09238493738045125
2024-10-08 04:00:00,-0.0239386012856109,-0.13351640852350463,0.13315413315541264,0.02665265344101185,0.07078327522217631,-0.06754508494088263,0.21186732651647114,0.03673930925812394
2024-10-09 04:00:00,-0.015645408085152884,-0.08257960307339193,0.14186825514973017,0.041549289913277596,0.08107959497238354,-0.03157682299573983,0.22310217523287862,0.14078559415882128
2024-10-10 04:00:00,-0.013466766376022177,-0.08681743974716041,0.1442045033578987,0.0935560649244462,0.08393246801885551,-0.025241822997655483,0.22637422942914212,0.07237997997040667
2024-10-11 04:00:00,-0.013903928821828587,-0.020910523795721947,0.14324016413268922,0.1375142375026937,0.08317756062976361,0.0355441651769714,0.22732370240000477,0.06084331334166626
2024-10-14 04:00:00,-0.016385683074864876,-0.040749546973410655,0.1411331642008951,0.1246670758546496,0.08078966407476093,0.017342540853015176,0.2280193957270664,0.05350450035356889
2024-10-15 04:00:00,-0.016741078067344983,-0.10448953786474244,0.14093302457101514,0.0592884650555424,0.08056998591665701,-0.010994677525566751,0.22817761372442427,0.04074469524079863
2024-10-16 04:00:00,-0.017244381948523124,-0.0020475982840866824,0.14024903241134734,0.11090480699247002,0.08009685691768315,0.1371473833445156,0.22227294444975046,0.05437094107450796
2024-10-17 04:00:00,-0.01732570627698815,-0.09855234224832671,0.13877195022708935,0.027174767162268215,0.0794186339846224,-0.08304479009651256,0.21753249706804273,0.7017781374138576
2024-10-18 04:00:00,-0.01702202909447975,-0.07949453395415165,0.13900909885380341,0.013255261740508367,0.07953433895816606,0.03336019256921058,0.21851411426723355,0.6640350162657854
2024-10-21 04:00:00,-0.016553465366229286,-0.07509489088064664,0.13943299079353638,-0.0014499818371084827,0.08021116001179396,-0.017995584168821105,0.2193577481861628,-1.9840141559201934
2024-10-22 04:00:00,-0.01625444741910781,-0.13680661560550894,0.13962232271571862,-0.04561279304446342,0.08060642824290698,-0.053121955073517524,0.21953448832934053,0.7144945520501076
2024-10-23 04:00:00,-0.016534563157721505,-0.15672894880929553,0.13963298224530096,0.015027615074198197,0.08076345256237585,-0.05617751304551949,0.21972592948275085,0.6245100679143203
2024-10-24 04:00:00,-0.01556615720272328,-0.16705369344693632,0.14012066505703286,-0.004446392992710185,0.08148392487926961,-0.029604380233376637,0.2210348553591819,0.5210048756967353
2024-10-25 04:00:00,-0.014695039282955152,-0.06076506642063639,0.141033761256209,0.045217380828540765,0.0819991581299358,-0.07707167783691585,0.2190467626342086,0.026023302946736646
2024-10-28 04:00:00,-0.014926701703116274,-0.07057494798227862,0.14165928594875543,0.027753141609600157,0.0822855310958461,-0.06848410969028992,0.2198707595642008,0.0031286747846969373
2024-10-29 04:00:00,-0.014771378652162603,-0.086952231825556,0.1437940663751498,0.06995509558147964,0.083030988641421,-0.07151642227541338,0.22493954512995448,0.05642814848285734
2024-10-30 04:00:00,-0.016086261088865045,-0.10650660750497026,0.1433100498399149,0.14245138246748276,0.08292225207183668,-0.04097031438709983,0.22558646531300222,-0.5678723150310274
2024-10-31 04:00:00,-0.01782121324974395,-0.09982793729307435,0.14138716969157072,0.19237287707140138,0.0815583114006162,-0.0667872714591552,0.22045591187402785,0.9420108482132705
2024-11-01 04:00:00,-0.01771857463442228,-0.2112734704780802,0.14131224501720166,0.136766766652483,0.08157892675606945,-0.15715172101364855,0.2210083086152182,0.042121008131178445
2024-11-04 05:00:00,-0.017243759493073385,-0.02877555261672113,0.14135008588776463,0.029582511930961786,0.08192217790346196,-0.0018877414266170178,0.2183227995685747,1.6634827618805685
2024-11-05 05:00:00,-0.01870625163352388,-0.08448251800426401,0.13900364006869864,-0.043687042064739584,0.08015376597700008,-0.035961930148526444,0.21056396765138888,-0.09539312849927113
2024-11-06 05:00:00,-0.0180558329406309,-0.05024533472921949,0.13885676959445287,0.04150623441399359,0.08049149090285779,-0.0022230523382318623,0.2059894247603863,3.1325919712386248
2024-11-07 05:00:00,-0.026811630777548306,-0.04143328090615525,0.1304326932056673,0.082974165034477,0.07409203177609885,0.010633942543384123,0.21907401579792835,-0.08978371655241303
2024-11-08 05:00:00,-0.033907327658365155,-0.08223150233769169,0.12041247456769967,0.002054043671791572,0.06709156427059912,-0.04498468915415976,0.23908915848727513,0.5269669018773561
2024-11-11 05:00:00,-0.03258083072382792,-0.10516680947621238,0.12143919697913177,0.015632451702346895,0.06832006391165257,-0.048696424081157264,0.23870541220415292,-0.4671111345888048
2024-11-12 05:00:00,-0.03213034424860256,-0.11803437949528173,0.12206652008566075,-0.012057570091970865,0.06928344101802039,-0.06430931558020397,0.2392773680827133,0.10873979330847007
2024-11-13 05:00:00,-0.031434809800408886,-0.08139357357219928,0.12276057128937233,0.044084282935468705,0.07018579287557122,-0.013165897892968681,0.24029871759570426,0.038691300618939134
2024-11-14 05:00:00,-0.03127129636107534,-0.11376694480287675,0.12251670325966255,0.019516953256677905,0.07098407636487261,-0.046525762710984186,0.2417040730124431,0.08631774334200339
2024-11-15 05:00:00,-0.03004642208404759,-0.01115766791189901,0.12388534359057764,0.1430223680686981,0.07236647968735424,0.024596202174721832,0.24245903916288516,0.15627221409749611
2024-11-18 05:00:00,-0.03188081325259906,-0.017880281912689876,0.12315278184249673,0.1080652628199702,0.07025310075933835,-0.01075752117274889,0.24016109562776347,0.21595639503449582
2024-11-19 05:00:00,-0.03500463123986017,-0.00781908843453212,0.12093848224541508,0.15826221304327975,0.0680932153052754,0.01646676332523553,0.23698216210728174,0.13036636447794753
2024-11-20 05:00:00,-0.03577820304747051,-0.0776747009142657,0.11940366001420934,0.09114715127201875,0.06767455411851653,-0.010729194715941193,0.23252911598002024,0.0599917120683829
2024-11-21 05:00:00,-0.03544967493626666,0.04325170878895737,0.11962189162736449,0.12654296754046823,0.0683752910582473,0.12463446340120674,0.2272020252141122,0.0370794079929369
2024-11-22 05:00:00,-0.03530750630773494,0.04904093420271172,0.12004648815803258,0.2101516458309512,0.0685999630579335,0.12312516838300819,0.2247341788551701,1.637249147954115
2024-11-25 05:00:00,-0.03534755996421124,0.025034336374213748,0.12013711316099605,0.0966187478296098,0.06833027668189398,0.05180277568882577,0.22855724037936642,0.1442844530810919
2024-11-26 05:00:00,-0.033581223643558145,0.005907795286195228,0.11968374799597142,0.10223957915665519,0.06837454743689361,0.07293769475785619,0.2304690664774531,0.10773850144497207
2024-11-27 05:00:00,-0.03194927651005325,-0.0008830655955638778,0.11818124686876133,-0.0043437494385417524,0.06834238878475221,-0.007764464437065112,0.23031856109935828,-0.13469364553996344
2024-11-29 05:00:00,-0.03058726439949644,0.33730018944655094,0.11898680581332931,-0.19995003730731678,0.06919735209979463,-0.14451522378662687,0.23111830373256143,0.49974537397954255
2024-12-02 05:00:00,-0.0289648807143032,-0.006778826816498402,0.12193794747292702,0.1421631280897625,0.07176371227012016,0.0052131731298847295,0.24367997791880566,0.10511699115852077
2024-12-03 05:00:00,-0.0320237047414593,0.10824491001797139,0.11991476358393355,0.025382447615471482,0.06956074774994539,-0.09931163311709626,0.23808701883675934,-1.2052068836277294
2024-12-04 05:00:00,-0.03494086478860517,0.16103591939930187,0.11851481144163283,-0.06080309176442983,0.06781788651272233,-0.004439343458416418,0.23340719316468683,-0.023925820238716686
2024-12-05 05:00:00,-0.033430508999827996,-0.03565089460757744,0.11913776872988135,0.05698829356563817,0.06857805841252207,-0.014134815551519242,0.23743865344713122,-0.7075202671988323
2024-12-06 05:00:00,-0.03276421198234858,-0.011245716324831623,0.11840495132505229,0.09478427129156342,0.06834011720430574,0.05336867080208055,0.2335295602696792,0.19702924642332295
2024-12-09 05:00:00,-0.03274960893432763,0.001019250542906136,0.11798389097956503,0.06187356232338648,0.06834931679951922,0.05599326147255887,0.2303093395305969,0.18583065242684527
2024-12-10 05:00:00,-0.032919607573608706,0.03187808051503305,0.11863715720488631,0.025143998578284532,0.06856209356976556,0.0840932009540736,0.2294849364622873,0.27075553402064434
2024-12-11 05:00:00,-0.03280749566858149,0.005348609808287164,0.12101874965862786,0.05347700196905522,0.07021705237838652,0.0791811516010833,0.22972357026908455,0.31450029098824506
2024-12-12 05:00:00,-0.03185819959278069,0.0606979508024815,0.12240665672204998,0.09729403295476899,0.071245950509914,0.053295892127483965,0.23055035176852243,0.6832373155996057
2024-12-13 05:00:00,-0.032136774259296313,0.018913897235593446,0.12132467322321965,0.016048084513753585,0.07066174210372725,0.001918612715671598,0.22869183366124107,4.2700656267630785
2024-12-16 05:00:00,-0.03437666659504271,0.04878921402558831,0.11877263053650186,0.21221901760665077,0.0686611207305605,-0.09984031719500573,0.22584900303007813,0.516332651920684
2024-12-17 05:00:00,-0.03536759025347119,-0.01170378529707189,0.11869919896808181,-0.0008823078242474239,0.06839975856264252,0.04986880898144974,0.22946909841212648,0.3811095919702603
2024-12-18 05:00:00,-0.04338535984029024,-0.03133627506113518,0.1131269774088092,0.0958062823555155,0.06261259248630799,0.042626803261699514,0.22782699414301902,0.32636029343969664
2024-12-19 05:00:00,-0.044647384903716614,-0.03406073159949799,0.11177458734003211,0.03238273276238234,0.06166458860507787,-0.00933626019005021,0.22449971360881604,0.22152177078693225
2024-12-20 05:00:00,-0.044362312362686396,-0.036034174641606576,0.11072024508261297,0.0067540419574866305,0.060771027332909316,-0.019049586725016346,0.22237504635362892,0.34525737487897473
2024-12-23 05:00:00,-0.04742665072596167,-0.013751013564087075,0.11000646965123126,0.0029096867937702317,0.05942224101992136,-0.008346342449313121,0.21556288363461534,-1.6640877244436063
2024-12-24 05:00:00,-0.04691152450253944,-0.0015201742244240757,0.10903346529684725,0.08478612685695705,0.0592005890625861,0.032137961284962685,0.2151998487106561,-2.5476880613193718
2024-12-26 05:00:00,-0.04639480001566987,0.023590157012903817,0.10905272721881927,0.11014848437826086,0.05929094372498836,0.06221259163153198,0.21718144801588085,0.4649121004501742
2024-12-27 05:00:00,-0.04703666424769273,-0.08244160883672128,0.10858593346164627,0.06000398425691186,0.05873635344013914,-0.005519573209874867,0.21615538016972913,0.5110169115207661
2024-12-30 05:00:00,-0.047365563683870515,0.0013102968818664573,0.10794954786876937,0.11723353463924702,0.05824134820979199,0.000583008410177388,0.21663635791053215,-0.08566897252375391
2024-12-31 05:00:00,-0.04740509792355843,-0.02101927423968397,0.1077358862027264,0.10436678032418753,0.05830550279657454,-0.00267693733056934,0.21618030279890904,0.6270708695443927
2025-01-02 05:00:00,-0.04733396811403234,0.012041963149580726,0.10792949652074128,0.09791405066515554,0.058210171709789205,-0.001251643578228101,0.2180409159091674,0.5347756294073567
2025-01-03 05:00:00,-0.0506838184486339,0.01653308484664051,0.1064537368224612,0.09510933665951779,0.05670308830013057,0.07366494833330597,0.2198578021847935,0.11557327025550271
2025-01-06 05:00:00,-0.05252590706973262,-0.04632412416272266,0.10598958292221147,0.058139887725881245,0.05550453802162153,-0.016078488170614302,0.21969464704962918,0.01871981578336854
2025-01-07 05:00:00,-0.05276170932159291,0.02959539540725531,0.10527115655014439,0.14636545638300874,0.055245484849268583,0.07460793956013428,0.21708152670741224,0.08569923554442119
2025-01-08 05:00:00,-0.05280769981962721,0.022809713945610766,0.10579492029908101,0.16838622960425048,0.0551529915993125,0.06188429451261876,0.2130817812819981,0.03651915723799676
2025-01-10 05:00:00,-0.05487838132332948,0.055164629129210274,0.10551132628878328,0.17648194600822023,0.05393903403400116,0.09888832637445027,0.21125855542071387,0.0385633437771886
2025-01-13 05:00:00,-0.0542845455748604,0.04217301937270454,0.10486197645277277,0.05531427913372286,0.05463027232851317,0.046609039449035466,0.21257299844979421,-0.3352088359650874
2025-01-14 05:00:00,-0.05187346307060289,0.09945512136347534,0.10590366915179843,0.16853806762401546,0.05645961008783515,0.13232454077836595,0.21153983984181957,0.9637403448357782
2025-01-15 05:00:00,-0.05205370757158717,0.07558551979677675,0.10551985278016955,0.04512560845087543,0.05622972738508869,0.11158753369546617,0.21267939630765503,1.195082245174886
2025-01-16 05:00:00,-0.05163710421996792,0.1123493566737292,0.10536015761656992,0.10521465495368193,0.056375458176970816,0.1528121689109493,0.21235692321852112,0.8542519452292442
2025-01-17 05:00:00,-0.050065704203094946,0.014264154355896425,0.1056051504469384,0.041552589605636625,0.05681639060466681,0.06527683897227332,0.21210913635768908,-0.013478671728336169
2025-01-21 05:00:00,-0.05110501993134267,-0.0776302814556031,0.10495108818871249,-0.016017653237000162,0.05588945988904573,-0.02483584805489858,0.21104899773811173,1.0764010948988556
2025-01-22 05:00:00,-0.050990969251379054,-0.02271938340997176,0.1050168568324982,0.04721597840328379,0.05592387062726592,0.0070435405171370424,0.21031968776613966,0.05110615292720544
2025-01-23 05:00:00,-0.05104095244271403,0.03929143537795865,0.10400708939492762,-0.003842216747946242,0.05534487872716501,-0.015821917658836247,0.20984136281816193,-0.030527537604768562
2025-01-24 05:00:00,-0.05326331255730182,-0.0016116355298192164,0.10083163146141771,0.07088353895321492,0.05333870693552625,0.04178182002321176,0.2036741559582799,0.03936034059706206
2025-01-27 05:00:00,-0.05274857664489857,0.07473460300770354,0.1002594853734594,0.12442408235971761,0.05423466605664595,0.10273380520907704,0.19952603226354682,0.09910807986910733
2025-01-28 05:00:00,-0.053394641991862835,0.07198845157578282,0.09949652821745801,0.1515574854148174,0.054477484052194325,0.13041984375073426,0.1990335158366029,0.08991729359329273
2025-01-29 05:00:00,-0.05557907699891132,-0.10668617330214539,0.09744890059268056,-0.0002718447259050516,0.053202755221309295,-0.020149883955270093,0.19707049225272238,0.06823363410596431
2025-01-30 05:00:00,-0.057365910869796366,-0.07712529508411126,0.09730154685493428,0.007890968590725744,0.052377290773441304,0.0018186465872085389,0.19486746607474725,0.06834018758847288
2025-01-31 05:00:00,-0.057280753932907214,0.014008158923256353,0.09740367270466477,0.08858743222310597,0.05255926139275416,0.08546753007283361,0.19490985890862222,0.15732411461412915
2025-02-03 05:00:00,-0.05879509036180938,-0.09354525027740576,0.09525659362009227,0.018581864513000507,0.05089143130352172,-0.027932819641812934,0.1887019009921277,0.09480683422450002
2025-02-04 05:00:00,-0.05917460008523612,-0.08409077456677777,0.09479394245138563,0.07517314875395445,0.05048743456170632,0.009733835427264526,0.1885379366613325,0.04132015485994578
2025-02-05 05:00:00,-0.0590017018409498,-0.09979877188732172,0.09430594375703871,0.006840592430862769,0.05067664999350843,0.036071050730446044,0.18789565683418136,0.03831986578454513
2025-02-06 05:00:00,-0.058965308707127434,-0.08467697136897478,0.0952728800084711,0.0007422425101208385,0.05144778686872131,0.033022111650999025,0.18806351884565883,0.6125656308019731
2025-02-07 05:00:00,-0.059226044017858026,-0.0028547509434140774,0.09509829193857666,-0.09315067318871692,0.051441882988973564,-0.010446504674735214,0.18651355098140052,-0.008141218621942226
2025-02-10 05:00:00,-0.05900775108915943,-0.02718617815110313,0.09572850026602683,-0.06884692555340743,0.05189159461668119,-0.011261756016334223,0.1868848438357899,0.09321709724531016
2025-02-11 05:00:00,-0.059192377746425745,-0.0013608172370195007,0.09504335417673102,-0.06489046787478148,0.05144777557644878,-0.0013070715897020892,0.1846845382108193,0.0769142540736526
2025-02-12 05:00:00,-0.0589178444336948,0.07934574851913784,0.0951182732282461,-0.17440894508883326,0.05185419827792423,0.08917206777023971,0.1824793304427773,0.0022911967541436595
2025-02-13 05:00:00,-0.06020994973276428,-0.08431748137962057,0.09469268336914377,-0.09421868610708364,0.05148140684735322,-0.06839637073919871,0.1775697488325636,-0.016484874593169774
2025-02-14 05:00:00,-0.06385442787952655,-0.13711028267929695,0.09130331983494012,-0.14832752245119293,0.048254509091513076,-0.10345380218886147,0.16951455591687947,0.0017728032532666194
2025-02-18 05:00:00,-0.0629743942085482,-0.05483369695659579,0.09151635731678466,0.0346242226508397,0.04853016839852345,-0.001323534716977659,0.16979689182050237,-0.012824197768316059
2025-02-19 05:00:00,-0.06310298756276408,-0.08364710917774543,0.09189673665971947,-0.0029553356274289178,0.04844527976364166,-0.01896315967074505,0.17124152404479387,0.09972245952278747
2025-02-20 05:00:00,-0.06329203392494703,-0.17643097114513343,0.0917690406536081,0.05911464664072169,0.048382037326422905,-0.09407715170227257,0.17088554072703008,0.1031621882172511
2025-02-21 05:00:00,-0.06174936313523116,-0.15967421237371138,0.09253726107853863,0.019813112470348532,0.04916640758188426,-0.04782576636552743,0.17068383622502212,-0.017124166100999094
2025-02-24 05:00:00,-0.05970718068161515,-0.17396190383883936,0.09325949390025562,0.03227763025731456,0.04997425931567151,-0.05674728217207116,0.17263947867761964,0.08758915909077833
2025-02-25 05:00:00,-0.06013799827478428,-0.1426064896501301,0.0926008317190703,0.03262353771871193,0.04946108833571036,-0.033960629583834404,0.17045330196903194,0.03716469591224625
2025-02-26 05:00:00,-0.06038844572768981,-0.1344076894917595,0.09192834386363426,0.12466079936163443,0.04899094021670494,-0.03165648050007638,0.17011816534740687,-0.0002978421309064727
2025-02-27 05:00:00,-0.06057643658393644,-0.0946936385026891,0.09108193046561783,0.03150209597597339,0.04815283724272826,-0.007241071703749158,0.16956225629833888,0.07773780489013041
2025-02-28 05:00:00,-0.06171616741006622,-0.06124639780438604,0.08924827292127802,0.06235808089172051,0.046420400141534424,0.004563210358759284,0.17156298661648914,0.06485395785473289
2025-03-03 05:00:00,-0.06220984828845699,-0.0555694508951427,0.08746253979775964,0.0694998376374347,0.04547262472467928,0.026243082470231154,0.16974417640021255,0.06867087643428096
2025-03-04 05:00:00,-0.06251480276335167,-0.1321269840574143,0.08646874299785307,-0.024831288368500168,0.04441148625988442,-0.10155798172824215,0.16358522695099284,0.03519509202449225
2025-03-05 05:00:00,-0.06367115677144936,-0.17354560991003026,0.08842469562533536,-0.023668729309409706,0.0440405158309225,-0.14728720543206403,0.1620105131661963,-0.016479842184955976
2025-03-06 05:00:00,-0.06330452269198453,-0.24013301588582164,0.08925500648611498,0.014664939485435041,0.04411766713136123,-0.18544968442548002,0.15820761391020868,-0.001741507661909239
2025-03-07 05:00:00,-0.0636495369208897,-0.22602321318788995,0.08960387774802422,-0.046165337745480275,0.04426147804459926,-0.12667775708358214,0.15154240250975115,-0.04493940675455489
2025-03-10 04:00:00,-0.06409767763778965,-0.2721844573638604,0.08899541367907882,0.12963065656991912,0.04355494628489279,-0.1702150094467355,0.149756529269129,-0.004823517333197691
2025-03-11 04:00:00,-0.06195301380553886,-0.03415488658067477,0.08795720895522988,0.4106142089379088,0.044657457087351554,-0.06794187775285854,0.1476787750339474,0.2762706622137321
2025-03-12 04:00:00,-0.0542107884178227,-0.05298018320777634,0.08896869546216574,0.10022827854305211,0.04980979916445419,0.017202367644038735,0.14363553561951004,0.14562179672298214
2025-03-13 04:00:00,-0.051061762494786916,-0.06844661344048533,0.08903800493593034,0.09043767949245135,0.05045310768099362,0.0018377048193264078,0.143480683934945,0.08102557960975891
2025-03-14 04:00:00,-0.05011392549342261,-0.03284873196343119,0.08891603380385302,0.20235708701352023,0.05045784701665623,-0.003100356421450623,0.14243241983225477,0.11397073959734139
2025-03-17 04:00:00,-0.049614789005388016,-0.04587346318146068,0.09060839638566393,0.16358121645042095,0.05217689793772773,0.012191939578024724,0.1457956489706675,0.050720553683203995
2025-03-18 04:00:00,-0.04871216349924637,-0.05302943878250885,0.09507491047049418,0.4835483853116424,0.05392884817749158,-0.0024321073134530025,0.15122960579148392,0.053384718886104826
2025-03-19 04:00:00,-0.04933571184023203,-0.07732838479080714,0.09477916544379109,0.01876011587404841,0.05360143477302989,-0.02097273412178588,0.1474759233812094,-0.03260123615032762
2025-03-20 04:00:00,-0.0501358464495347,-0.09264858560454693,0.09409438067257969,0.33533876643525845,0.052830691594414,-0.020934342546814463,0.14628188471401293,-0.06080255227259046
2025-03-21 04:00:00,-0.049931828844790915,-0.0011932139349022652,0.09422553774417358,0.036174933953663946,0.05322151612962717,0.023980866529656336,0.1467047585676277,0.18083007621146088
2025-03-24 04:00:00,-0.04933426260781515,-0.055907040771595334,0.09399612886135494,0.032164923787551536,0.0533297977898827,-0.0035741467359813595,0.1456990408445129,0.1296031531786522
2025-03-25 04:00:00,-0.048265871332941745,-0.02982294154826101,0.09454453621243825,0.008576049044489553,0.05383237735078644,-0.002752410546419226,0.14565352241797608,0.10901718799470253
2025-03-26 04:00:00,-0.04896461285128137,-0.044075979599315834,0.09338259778044475,0.02013484481383357,0.05309322139351208,0.018917685149856145,0.14515185199484826,0.3996905497792096
2025-03-27 04:00:00,-0.04795495440491376,0.07690475888553507,0.09272603358487036,0.10300506017604844,0.054047899632151536,0.09445852974033075,0.14562814211291475,0.21622606318299606
2025-03-28 04:00:00,-0.0485755717867479,-0.027924033360699888,0.09253554539470596,0.18280469913363712,0.05397500017497883,0.04764328410907524,0.14541546053096965,0.21647657882315413
2025-03-31 04:00:00,-0.04907501608208428,-0.037833320322138625,0.09248555463060079,-0.09909798121810157,0.05391660814068586,-0.0245490366175245,0.1456924083088495,-0.46329412235738743
2025-04-01 04:00:00,-0.04947626402464883,0.013109518805311637,0.09197315584670426,0.00873455186950145,0.05348280941175723,0.025804070073149776,0.14477711207962465,0.09278715186808911
2025-04-02 04:00:00,-0.049082604690526416,-0.0597973879353319,0.09254884700721874,-0.10526366079388866,0.054142514034450695,-0.020454963691996952,0.1445675198661708,2.7404874127624717
2025-04-03 04:00:00,-0.04951868291805564,-0.20031802580915303,0.0922554298348155,-0.08843739551211899,0.05387055158602644,-0.11626434664843327,0.14420749796038684,1.349061200468828
2025-04-04 04:00:00,-0.04938109756690387,-0.30982824436684786,0.09266187211025698,-0.12080943653739676,0.055730088420745616,-0.04455810157741151,0.13820180797117745,-0.08676223832269281
2025-04-07 04:00:00,-0.046305659217717704,-0.21050770346206898,0.08650407658650117,-0.09465587213267412,0.05236798045903951,-0.03179312635126389,0.13840517075235242,0.07870407074547359
2025-04-08 04:00:00,-0.03978129753946444,-0.12272660728417886,0.08644305239096317,-0.14770505217252877,0.05486914608660462,-0.026245369978725598,0.14108499940067482,0.08017358063662651
2025-04-09 04:00:00,-0.040205752645618154,0.10705471245021175,0.08660047400414628,-0.15693996250627937,0.055058307593230466,0.08453222228416893,0.14254752478395033,0.052026707363728705
2025-04-10 04:00:00,-0.030652110148759126,0.8465608773853363,0.09513748173358189,-0.14572719779457713,0.06746874026110469,0.7473067522612384,0.15098070246563366,0.4408909450672066
2025-04-11 04:00:00,-0.02181235212764593,-0.03061880130710499,0.10075980532208179,-0.25324802500399035,0.07537623724504916,0.004078850827579298,0.14301023838844235,0.3156565955507087
2025-04-14 04:00:00,-0.023545374299988597,0.014576876136031668,0.09933396111371634,-0.08072900902380023,0.0743109642197115,0.19567045610299613,0.1333163897104885,-0.5712780499905099
2025-04-15 04:00:00,-0.021701662785465786,-0.014500701659806353,0.09825757248177122,-0.050095892861119484,0.07524120765761888,-0.00020695911221960649,0.13191949004429043,1.0749325077307375
2025-04-16 04:00:00,-0.021615173939494053,-0.0718573912614151,0.09912533476088953,-0.08864274648135173,0.07657548302415226,-0.02102560693409486,0.1324699662845122,-0.2355506478410056
2025-04-17 04:00:00,-0.02130417479257088,-0.08322100460083126,0.09940979057584678,-0.04885818436741929,0.07666171985254758,-0.02057898305428757,0.13277683114304803,0.3250441707638444
2025-04-21 04:00:00,-0.021673066567123755,-0.0776249267327104,0.09833461100391788,-0.04492553547774927,0.07583867380594106,-0.02166017837125936,0.13142681744961898,0.1451877372310565
2025-04-22 04:00:00,-0.021725269805439817,-0.03210598610599308,0.09642804271374389,-0.07521047852705276,0.07486741532910826,0.010176934156890416,0.12795304360108561,0.08600715739533371
2025-04-23 04:00:00,-0.02400157126745231,0.0072998169362128995,0.09537352346494202,-0.01581224366358716,0.07392319588782734,0.01799592542537909,0.12363233947440484,0.03587144934887231
2025-04-24 04:00:00,-0.026668821231755957,0.007164411490802047,0.09404628054793324,-0.0446296267819252,0.07135754049525028,0.022520995774138436,0.12103261093798927,0.026184119704846527
2025-04-25 04:00:00,-0.027800098698938347,0.027151673095670542,0.09370765683595528,-0.03818953900315007,0.07009786811569149,0.01120077429268096,0.12053169329177786,0.02408117937482321
2025-04-28 04:00:00,-0.02596899262121677,0.03834541281264839,0.09436602705453812,-0.03251680962329073,0.07095165084003466,0.02259094215753829,0.12143645681492597,0.07825582236829116
2025-04-29 04:00:00,-0.02635122762164363,0.050613917566846245,0.09421147355259696,-0.03721019864409647,0.0709087852925257,0.024233881950134067,0.12153006666530825,0.045239664060340676
2025-04-30 04:00:00,-0.023079592983528047,0.10733703513947707,0.095831185320808,0.12764614886444348,0.07312140155569852,0.12799382676250767,0.11911787490267411,0.08281607133297815
2025-05-01 04:00:00,-0.019072583875903132,0.06508817387455915,0.098681130638023,0.0797594524434001,0.07648410364291078,0.08016103041541064,0.11667969213211887,0.025462156190164238
2025-05-02 04:00:00,-0.019245430135121505,0.04998994275839666,0.09917950842659864,0.06914428635194647,0.0769424020725836,0.06577580320242338,0.11360161171290507,0.11012150720837259
2025-05-05 04:00:00,-0.01847115597295612,0.1281062449882523,0.09968604695956318,0.10602044729125235,0.0775530700853082,0.13658467547646816,0.1137285759924665,0.13613779442311008
2025-05-06 04:00:00,-0.018825559364060135,0.016908025265002985,0.09998944998465545,-0.0012711635178634662,0.07761119441774328,0.054727906578267205,0.11322297661662138,0.07761655220012742
2025-05-07 04:00:00,-0.018937515085556134,0.0765771344697545,0.10039395822185673,0.09786983056180076,0.07792171547055524,0.11878922749794266,0.11314301260470697,0.17855295956970807
2025-05-08 04:00:00,-0.019019460337182437,0.11538610063515092,0.10044541719796476,0.06974212852471032,0.07802287768100097,0.12647522318767432,0.11323503763738635,0.15484868700094107
2025-05-09 04:00:00,-0.01913879821039205,0.03220223978665321,0.10028317015417557,0.127482054761694,0.07834909330463574,0.09709949193365638,0.11358976797946327,0.059109573063067355
2025-05-12 04:00:00,-0.01968363838409451,0.05692721923492888,0.09998876266604367,0.12260952395827018,0.07816780274880067,0.12190283447903694,0.1128920784604006,0.11535709210460071
2025-05-13 04:00:00,-0.01973549434168234,0.029378867872837305,0.1000996518029475,0.09066909730246828,0.07826112444101885,0.09809868040062147,0.1127342919732046,0.12281282408294747
2025-05-14 04:00:00,-0.02000860464158888,0.07504924815782096,0.0992456207158405,0.10570592292744169,0.0773827173343925,0.123795674289502,0.11250983570166373,0.12167973101858331
2025-05-15 04:00:00,-0.02094950815714844,0.08485588330861096,0.09736150080326378,0.09771274668738297,0.07615514797475686,0.12523902727434627,0.11158976631982623,0.11583599319644755
2025-05-16 04:00:00,-0.020556268762749408,0.08494362479692494,0.09728495747009427,0.12721500058718382,0.07601946165532553,0.14061069960688174,0.11059168943598856,0.0873583837762307
2025-05-19 04:00:00,-0.022030555502716653,-0.12057576701072406,0.09705473747553375,0.023563364478573462,0.0749494687087448,-0.019963082091474585,0.11003788391109623,0.3096859451403988
2025-05-20 04:00:00,-0.02185971751491725,-0.026671741279048422,0.09729419011241555,0.052238392962679764,0.07513931777623489,0.015537630199501828,0.11018958420187956,0.1899453012877858
2025-05-21 04:00:00,-0.021841010018156554,-0.04564216720784481,0.09772140801826998,-1.421899367378944,0.07584750202083207,0.04720623039083338,0.11051915637651134,0.13620578897355617
2025-05-22 04:00:00,-0.021537752696085904,-0.0222508740040384,0.09794956640462055,-0.07984650376557637,0.07669956616256343,-0.03341426386452971,0.11184780197110034,0.07526416650974274
2025-05-23 04:00:00,-0.021455925581198992,-0.050339317526299686,0.09824955268086302,-0.17819214991207769,0.07631788811824664,-0.0638987847255092,0.1127507670389182,0.03969841052256806
2025-05-27 04:00:00,-0.02553476039837052,-0.023781063915577563,0.09653797974156267,-0.12796123548290803,0.07367248146015093,-0.05956675983039869,0.11194055869468658,0.07636796401934214
2025-05-28 04:00:00,-0.025227427502766575,0.039207226541007376,0.0964854151957445,-0.06799776113069601,0.07375259874430909,0.029382411276884228,0.11198526881820732,0.708544303786987
2025-05-29 04:00:00,-0.025451814706640152,0.0871233685868205,0.09599358687226528,-0.048415600438136135,0.0735401662771441,0.10026535390800552,0.1112358482475444,0.40095571933674984
2025-05-30 04:00:00,-0.024950308070194688,-0.08096012051363971,0.09667872157235471,-0.036012526730722555,0.07395858261145186,-0.013398257661527017,0.11021061681484677,0.03905723314268175
2025-06-02 04:00:00,-0.024019470134297005,-0.049614661336453564,0.09722432428665911,-0.04191400466415318,0.0744331123426821,-0.016063257395218,0.10906186781531554,-0.03187442876225372
2025-06-03 04:00:00,-0.024563524308996137,-0.02225819084051081,0.09623412485463528,0.05270148438866104,0.0734597264387454,0.024984715817626957,0.10826724065928806,-0.0061948687982337665
2025-06-04 04:00:00,-0.025121393272233172,0.11266207403830411,0.0964691847992058,-0.38088933320796414,0.07330610938819548,0.019456084802017992,0.1088402258299267,0.4597898098522756
2025-06-05 04:00:00,-0.02579061323355397,0.053340963902162766,0.09635646344208174,-0.18118238888767038,0.07260728891748242,-0.015185061107228046,0.10669888755940099,0.12726752521047924
2025-06-06 04:00:00,-0.025181161246359746,0.3328794856000895,0.09681794081844047,-0.38974720887930125,0.07309297376938739,0.1334162600803674,0.10777463353511184,-2.3454907639846274
2025-06-09 04:00:00,-0.0266698227133933,-0.0918487018902609,0.0951537464032475,-0.11939758308670809,0.07155286899623403,-0.10023798087787575,0.10563914716746639,0.5913319912869939
2025-06-10 04:00:00,-0.028757829288866554,0.06224032269958325,0.09266240527452044,-0.20493626289023298,0.06922013563196186,-0.12649524681617538,0.10285638024593105,-0.0060016494996517
2025-06-11 04:00:00,-0.026506405642848646,-0.006016162858158813,0.09341557326614208,-0.02568749260119188,0.07043988896033196,-0.008462495016966443,0.10181791523545347,0.3975036108386959
2025-06-12 04:00:00,-0.024259710753115504,-0.09507172328352154,0.09489920095361712,-0.017540359532529914,0.07215393405949558,-0.03665395155186002,0.10215688190047188,0.2011734582887451
2025-06-13 04:00:00,-0.02459256957909553,0.0034368942738525615,0.09482559574494087,-0.04075075813826981,0.07193611903288138,-0.010540756504621801,0.1017229896332009,0.2960654598469057
2025-06-16 04:00:00,-0.024878653979800075,-0.0035506971256815817,0.09518785194873852,0.01343623195329155,0.07190964602047692,-0.00244077291728359,0.1013542963424404,0.21897391855873666
2025-06-17 04:00:00,-0.024988361019902372,-0.1376886464544105,0.09532955387663361,-0.048039250452065974,0.07163497925491935,-0.10868231310777524,0.10085472161058757,0.08039560357362177
2025-06-18 04:00:00,-0.030658488261006173,-0.20473428881960493,0.09138805291330124,-0.07848456493076268,0.06867110511521751,-0.16206088672616759,0.10242451401513507,0.1861868721892685
2025-06-20 04:00:00,-0.03504558875154293,-0.02814140562815637,0.09007594675740793,0.01710200344316129,0.06611423499090105,0.005923161388895676,0.10481561569558623,0.10370729834553027
2025-06-23 04:00:00,-0.03537211127693035,-0.0032802300492289493,0.09026846938571298,0.08453320547557608,0.06654391254997682,0.03864278353547196,0.10368494684370182,0.08751788497010377
2025-06-24 04:00:00,-0.03489383969331089,-0.0030045986871576336,0.09094837090574748,0.015169740362998868,0.06712095550029173,0.008475342911725192,0.10212877164516852,0.06562207654464254
2025-06-25 04:00:00,-0.03666163706883671,0.010324718977636954,0.09075806805226291,-0.09106365016302334,0.06650014661937234,-0.04658665628356928,0.10071447816290108,0.0034758859394906742
2025-06-26 04:00:00,-0.03984130958095533,-0.007257908560632048,0.08893867396691518,0.0912949873632442,0.06463394620591878,0.04254804473164259,0.09975428021678724,-0.14121919674902028
2025-06-27 04:00:00,-0.0399219869842779,-0.019308358816707144,0.0891756356555308,-0.01123761831184053,0.06471901702921276,0.0038613500918173727,0.09928562390370599,0.0965628055745616
2025-06-30 04:00:00,-0.040842666237862646,-0.09806419742921516,0.0871918960346614,0.037996905706559905,0.06282134207104006,-0.017304080098598684,0.09705785637284639,-0.05550886386706841
