timestamp,REMX_high,REMX_low,REMX_close,TAN_high,TAN_low,TAN_close,FAN_high,FAN_low,FAN_close,ICLN_high,ICLN_low,ICLN_close,XLE_high,XLE_low,XLE_close
2023-08-01 04:00:00,81.03,79.9164,79.92,67.8,66.96,67.06,17.05,16.9,16.9,18.2291,18.01,18.02,87.32,86.1341,87.07
2023-08-02 04:00:00,79.48,78.13,78.5,64.8484,63.04,63.38,16.81,16.52,16.56,17.68,17.23,17.28,86.92,85.2,85.93
2023-08-03 04:00:00,79.4299,78.69,79.03,64.98,63.49,63.63,16.52,16.37,16.46,17.46,17.21,17.23,87.58,85.69,86.8
2023-08-04 04:00:00,80.6779,79.3801,79.92,64.2,62.59,62.72,16.688,16.4651,16.48,17.425,17.08,17.1,88.24,86.82,86.92
2023-08-07 04:00:00,80.6699,79.03,79.46,62.7999,61.96,62.21,16.5299,16.42,16.5159,17.2,16.9219,17.01,87.59,86.7643,87.02
2023-08-08 04:00:00,79.1,77.82,79.02,62.09,61.15,62.04,16.4739,16.35,16.45,17.0,16.8125,16.99,87.485,84.965,87.45
2023-08-09 04:00:00,79.36,78.46,78.78,63.9299,62.5,63.4,16.52,16.37,16.42,17.26,17.04,17.16,89.36,87.75,88.55
2023-08-10 04:00:00,80.04,78.66,78.96,64.13,62.515,62.78,16.48,16.31,16.33,17.27,16.91,16.94,89.69,87.94,88.54
2023-08-11 04:00:00,78.0,77.33,77.65,62.119,61.3,61.82,16.28,16.13,16.21,16.88,16.76,16.86,90.0,88.48,89.9
2023-08-14 04:00:00,76.92,75.77,76.13,62.18,60.1,62.02,16.22,16.03,16.2,16.87,16.54,16.85,89.89,88.92,89.52
2023-08-15 04:00:00,75.066,73.875,74.0,61.375,59.455,59.58,16.07,15.881,15.8851,16.73,16.35,16.35,89.0,87.5,87.66
2023-08-16 04:00:00,74.17,73.1,73.34,59.375,58.08,58.19,15.9238,15.825,15.825,16.39,16.15,16.17,88.7,86.84,86.9
2023-08-17 04:00:00,73.56,72.76,72.87,58.6,57.14,57.27,15.82,15.6208,15.6292,16.22,15.96,15.97,89.14,87.81,87.94
2023-08-18 04:00:00,72.37,71.52,72.3,57.37,56.07,57.01,15.715,15.5104,15.69,16.015,15.792,15.96,88.92,87.15,88.81
2023-08-21 04:00:00,73.12,72.35,72.91,57.02,55.935,56.38,15.7099,15.57,15.66,15.99,15.83,15.93,89.53,87.6382,88.25
2023-08-22 04:00:00,73.42,72.215,72.3,56.8,55.37,55.79,15.76,15.71,15.7311,16.02,15.79,15.88,88.67,87.515,87.57
2023-08-23 04:00:00,72.57,71.33,72.57,57.06,55.6975,56.76,16.02,15.86,16.01,16.17,15.9401,16.14,87.4299,85.87,87.35
2023-08-24 04:00:00,72.08,71.15,71.37,57.03,55.44,55.5,16.07,15.88,15.88,16.185,15.86,15.86,87.67,86.5,86.75
2023-08-25 04:00:00,71.12,69.7924,70.82,56.5,55.45,56.17,16.0515,15.9,16.0198,16.08,15.9,16.04,88.03,86.51,87.59
2023-08-28 04:00:00,70.34,69.57,69.93,56.89,56.14,56.48,16.1684,16.06,16.15,16.18,16.03,16.09,88.84,87.6688,88.18
2023-08-29 04:00:00,72.52,70.46,72.29,59.0,56.5599,58.72,16.5,16.14,16.47,16.54,16.1,16.54,88.51,87.54,88.42
2023-08-30 04:00:00,72.1,71.2945,71.31,58.89,58.04,58.28,16.1001,15.9,15.9,16.32,16.15,16.18,89.02,88.47,88.86
2023-08-31 04:00:00,71.37,70.4884,70.64,58.77,58.105,58.23,16.01,15.7686,15.82,16.23,16.06,16.08,89.34,88.28,88.92
2023-09-01 04:00:00,72.2627,71.44,71.83,59.46,58.21,58.41,15.97,15.76,15.77,16.315,16.02,16.07,90.835,89.88,90.74
2023-09-05 04:00:00,73.23,72.1,73.06,58.5302,57.86,58.02,15.57,15.35,15.35,15.98,15.82,15.82,92.15,91.16,91.22
2023-09-06 04:00:00,73.09,71.4001,71.92,58.0,56.4135,56.81,15.36,15.2,15.2,15.81,15.505,15.55,91.75,90.59,91.26
2023-09-07 04:00:00,71.34,70.41,71.04,55.69,54.72,55.56,15.22,15.11,15.15,15.46,15.255,15.44,91.905,91.0088,91.17
2023-09-08 04:00:00,70.87,70.1,70.43,55.74,55.07,55.57,15.29,15.2,15.2254,15.5,15.39,15.45,92.71,91.55,92.05
2023-09-11 04:00:00,71.95,70.95,71.57,56.44,55.55,55.73,15.34,15.22,15.32,15.61,15.4724,15.53,93.0,90.47,90.84
2023-09-12 04:00:00,71.9298,71.15,71.32,56.96,55.33,56.79,15.27,15.19,15.2,15.65,15.3971,15.63,93.08,91.65,92.98
2023-09-13 04:00:00,71.76,70.95,71.54,57.0,55.36,55.62,15.34,15.2101,15.27,15.68,15.4614,15.49,93.26,91.8,92.28
2023-09-14 04:00:00,72.39,71.51,72.29,57.22,55.62,57.1,15.69,15.41,15.6599,15.87,15.63,15.87,93.685,92.96,93.36
2023-09-15 04:00:00,72.14,71.53,71.83,56.945,55.6,55.92,15.62,15.5,15.5,15.86,15.615,15.65,93.41,92.01,92.01
2023-09-18 04:00:00,71.625,70.5833,70.7,55.55,54.17,54.24,15.52,15.405,15.46,15.62,15.415,15.43,92.55,91.433,92.11
2023-09-19 04:00:00,70.7092,69.4231,69.55,55.31,54.24,54.6,15.526,15.4,15.4032,15.63,15.45,15.49,92.93,90.71,91.25
2023-09-20 04:00:00,70.0,68.26,68.38,55.609,54.39,54.54,15.62,15.41,15.44,15.74,15.505,15.52,91.83,90.34,90.4
2023-09-21 04:00:00,67.43,66.17,66.29,54.06,53.235,53.59,15.27,15.0901,15.0901,15.3499,15.21,15.22,91.23,89.01,89.16
2023-09-22 04:00:00,68.7,67.05,67.15,54.1,52.81,52.82,15.1002,14.97,14.98,15.3,15.09,15.09,90.43,89.225,89.31
2023-09-25 04:00:00,66.7612,66.08,66.71,53.4,52.0713,52.57,14.87,14.7646,14.79,15.09,14.88,14.98,90.57,89.07,90.43
2023-09-26 04:00:00,66.1282,64.88,64.95,52.47,51.66,51.74,14.71,14.48,14.49,14.84,14.67,14.68,90.45,89.51,89.91
2023-09-27 04:00:00,65.42,63.93,64.42,52.73,51.3801,51.68,14.595,14.35,14.43,14.84,14.545,14.59,92.41,90.625,92.15
2023-09-28 04:00:00,66.8399,64.7,66.42,52.11,50.66,51.85,14.53,14.42,14.47,14.7,14.435,14.62,92.785,91.54,92.25
2023-09-29 04:00:00,67.6025,66.05,66.33,53.5336,51.47,51.79,14.71,14.44,14.49,14.93,14.5504,14.62,92.47,90.045,90.39
2023-10-02 04:00:00,66.07,63.36,64.32,51.33,49.24,49.43,14.34,13.96,14.0,14.51,14.03,14.06,90.51,87.98,88.59
2023-10-03 04:00:00,63.5899,62.06,62.19,48.89,47.17,47.59,13.74,13.53,13.58,13.84,13.6044,13.67,88.7,87.66,88.53
2023-10-04 04:00:00,62.33,61.135,62.22,48.08,46.37,47.9,13.66,13.41,13.5225,13.81,13.47,13.75,87.36,84.91,85.75
2023-10-05 04:00:00,62.94,60.33,61.06,47.8956,46.305,46.66,13.6,13.48,13.58,13.79,13.52,13.61,85.97,84.52,85.22
2023-10-06 04:00:00,63.17,60.195,62.66,48.04,45.83,47.73,13.78,13.4081,13.78,13.87,13.35,13.82,86.51,84.2601,85.73
2023-10-09 04:00:00,62.81,61.05,62.57,47.46,46.41,47.09,13.83,13.68,13.8131,13.845,13.67,13.82,88.96,87.4012,88.59
2023-10-10 04:00:00,64.72,63.28,64.64,49.97,47.2,49.76,14.2087,13.98,14.204,14.39,13.92,14.35,89.285,88.17,88.7
2023-10-11 04:00:00,64.88,63.37,64.03,51.1976,49.77,50.4,14.35,14.22,14.3192,14.6298,14.35,14.49,87.88,86.5538,87.56
2023-10-12 04:00:00,64.99,63.61,63.93,50.46,48.4,49.0,14.32,13.94,13.97,14.55,14.06,14.13,88.57,87.2525,87.66
2023-10-13 04:00:00,64.38,63.08,63.16,49.34,48.15,48.33,13.92,13.76,13.79,14.22,13.98,14.0,90.02,88.71,89.59
2023-10-16 04:00:00,63.875,61.28,63.25,49.16,47.63,48.97,13.89,13.77,13.88,14.25,13.91,14.21,90.455,89.33,90.19
2023-10-17 04:00:00,63.77,62.14,63.34,50.3494,48.18,49.68,13.9823,13.75,13.871,14.4326,14.0,14.3,91.41,89.855,91.13
2023-10-18 04:00:00,62.43,60.24,60.37,49.13,47.99,48.23,13.74,13.51,13.525,14.16,13.93,13.94,92.34,91.29,91.96
2023-10-19 04:00:00,60.11,58.19,58.31,48.07,46.62,46.75,13.638,13.45,13.5,13.96,13.68,13.71,92.56,90.77,91.8
2023-10-20 04:00:00,58.44,57.73,57.85,44.67,42.79,43.92,13.46,13.33,13.33,13.4854,13.16,13.3,91.98,89.945,90.26
2023-10-23 04:00:00,57.27,56.11,56.55,44.3,42.55,43.68,13.47,13.21,13.3328,13.39,13.04,13.24,89.75,88.39,88.8
2023-10-24 04:00:00,59.16,58.16,58.9,45.16,43.91,44.26,13.7529,13.48,13.68,13.61,13.35,13.49,89.09,87.52,87.55
2023-10-25 04:00:00,59.07,58.02,58.02,43.39,42.04,42.64,13.575,13.47,13.5,13.33,13.075,13.21,88.06,86.95,87.39
2023-10-26 04:00:00,58.69,58.0,58.0,43.6901,42.52,43.05,13.565,13.458,13.5032,13.455,13.25,13.31,87.11,85.8452,86.71
2023-10-27 04:00:00,59.42,58.16,58.27,42.34,40.885,40.95,13.7,13.42,13.47,13.24,12.87,12.89,86.945,84.34,84.63
2023-10-30 04:00:00,59.4,57.52,57.52,42.585,40.8218,41.35,13.6201,13.5,13.5888,13.12,12.72,12.86,85.54,84.09,84.91
2023-10-31 04:00:00,57.55,57.0001,57.23,42.02,41.2,41.98,13.64,13.53,13.59,13.0157,12.855,13.01,85.37,84.16,85.19
2023-11-01 04:00:00,57.05,56.01,56.91,42.16,40.74,41.52,13.42,13.3,13.39,12.99,12.73,12.87,86.19,84.87,84.99
2023-11-02 04:00:00,57.96,57.05,57.81,43.44,41.68,43.04,13.9499,13.77,13.9364,13.34,13.02,13.32,87.64,84.71,87.56
2023-11-03 04:00:00,60.47,58.62,59.44,45.59,44.13,44.7,14.4,14.2301,14.33,13.83,13.59,13.67,87.675,86.15,86.68
2023-11-06 05:00:00,59.84,58.12,58.61,45.3,43.53,43.88,14.32,14.21,14.25,13.74,13.44,13.48,87.37,85.45,85.7
2023-11-07 05:00:00,58.1303,57.2517,57.98,44.13,43.06,43.91,14.2,13.99,14.07,13.4599,13.27,13.4,84.73,83.425,83.8
2023-11-08 05:00:00,58.85,57.19,57.2,43.4,42.26,42.54,14.1,14.0113,14.05,13.43,13.14,13.2,84.03,82.7159,82.75
2023-11-09 05:00:00,58.6999,56.41,56.54,43.06,41.4,41.56,14.2,14.0,14.031,13.38,13.05,13.07,83.55,82.45,82.5
2023-11-10 05:00:00,56.1909,55.3,55.9,41.46,40.55,41.4,14.15,13.94,14.15,13.02,12.845,13.01,83.61,82.62,83.41
2023-11-13 05:00:00,56.51,55.23,56.35,42.11,40.8691,41.71,14.094,14.005,14.0415,13.08,12.86,13.01,84.18,83.28,84.01
2023-11-14 05:00:00,58.81,57.41,58.58,46.135,43.59,46.03,14.86,14.37,14.85,13.99,13.25,13.99,84.995,84.19,84.76
2023-11-15 05:00:00,60.44,58.89,59.25,48.0899,46.1,46.65,14.8908,14.79,14.8202,14.31,13.94,14.06,85.6664,84.48,84.6
2023-11-16 05:00:00,58.98,56.48,56.53,46.44,45.27,45.48,14.8479,14.722,14.7615,14.07,13.87,13.9,84.12,82.105,82.95
2023-11-17 05:00:00,58.9,57.36,58.81,45.91,44.55,45.63,14.93,14.84,14.9289,14.09,13.83,13.99,85.25,83.46,84.69
2023-11-20 05:00:00,59.85,58.49,59.11,47.36,45.59,47.03,15.15,14.95,15.0954,14.3,13.94,14.25,85.5399,84.7901,84.81
2023-11-21 05:00:00,59.73,58.55,58.71,46.802,45.92,46.04,14.91,14.8,14.82,14.2,13.93,13.97,84.77,83.814,84.62
2023-11-22 05:00:00,58.455,57.47,57.8,46.73,45.9,46.06,14.83,14.73,14.76,14.07,13.88,13.92,84.65,82.46,84.58
2023-11-24 05:00:00,58.645,57.41,58.06,45.81,45.34,45.48,14.8,14.69,14.8,13.935,13.84,13.88,85.56,84.5,84.93
2023-11-27 05:00:00,56.98,56.02,56.42,45.3397,44.5394,44.63,14.8,14.72,14.7718,13.8794,13.75,13.77,84.78,83.84,84.63
2023-11-28 05:00:00,57.5836,56.26,57.13,45.49,44.0501,45.29,14.88,14.74,14.82,13.99,13.665,13.95,85.43,84.49,84.65
2023-11-29 05:00:00,57.75,56.76,57.15,46.59,45.55,45.84,15.02,14.94,14.9588,14.27,14.0601,14.1,85.285,83.745,84.02
2023-11-30 05:00:00,57.14,56.42,56.8,46.17,45.03,45.84,15.09,15.01,15.0856,14.2675,14.01,14.21,85.79,83.57,84.58
2023-12-01 05:00:00,58.03,56.02,58.03,47.95,45.14,47.87,15.32,15.03,15.3196,14.59,14.03,14.59,86.025,84.1,85.02
2023-12-04 05:00:00,57.3,56.05,56.36,48.63,47.39,47.74,15.24,15.1,15.23,14.68,14.48,14.54,85.16,84.01,84.63
2023-12-05 05:00:00,55.23,53.97,54.01,47.94,46.84,47.23,15.24,15.14,15.14,14.54,14.35,14.39,84.74,83.1,83.15
2023-12-06 05:00:00,56.65,55.32,55.6,48.19,46.55,46.58,15.4,15.28,15.28,14.5,14.2,14.21,83.19,81.59,81.91
2023-12-07 05:00:00,56.8928,55.85,56.68,46.925,46.35,46.65,15.35,15.25,15.27,14.3,14.16,14.25,82.695,81.055,81.35
2023-12-08 05:00:00,57.88,56.2867,57.35,47.24,45.31,45.82,15.32,15.19,15.25,14.35,14.012,14.09,82.48,81.725,82.23
2023-12-11 05:00:00,56.68,56.0001,56.23,46.15,45.01,45.81,15.1494,15.07,15.11,14.17,14.01,14.13,82.6,81.92,82.33
2023-12-12 05:00:00,55.38,54.66,54.74,45.47,43.64,44.46,15.03,14.93,15.01,14.045,13.7024,13.89,81.66,80.74,81.2
2023-12-13 05:00:00,57.0,54.71,56.95,46.99,43.5,46.94,15.51,15.06,15.51,14.49,13.71,14.49,82.355,80.87,82.33
2023-12-14 05:00:00,59.6633,57.6,59.05,51.757,48.9,50.76,16.1181,15.8,16.05,15.3944,14.81,15.19,84.86,83.16,84.75
2023-12-15 05:00:00,59.7899,58.92,58.92,52.38,50.53,51.78,16.1299,16.0026,16.01,15.395,15.12,15.3,84.46,83.6,84.3
2023-12-18 05:00:00,60.0,58.96,59.3,51.78,49.75,50.6,16.07,15.88,15.88,15.29,14.985,15.09,85.41,84.1,84.18
2023-12-19 05:00:00,61.0,59.64,60.54,53.1293,51.4201,52.95,16.09,15.98,16.0702,15.5061,15.15,15.5,85.28,84.15,85.19
2023-12-20 05:00:00,60.54,58.46,58.46,53.21,50.56,50.64,16.12,15.87,15.88,15.35,14.885,14.89,85.99,84.3,84.4
2023-12-21 05:00:00,60.03,59.12,59.96,53.2191,51.79,53.06,16.24,16.07,16.21,15.4177,15.1822,15.37,84.86,83.935,84.73
2023-12-22 05:00:00,61.4,60.16,61.02,53.3695,52.175,52.59,16.28,16.155,16.19,15.49,15.3,15.39,85.715,84.845,84.98
2023-12-26 05:00:00,61.86,60.81,61.68,53.905,52.435,53.66,16.38,16.16,16.33,15.64,15.37,15.6,86.165,85.44,85.71
2023-12-27 05:00:00,62.26,61.44,61.77,54.0,53.3131,53.68,16.4959,16.37,16.44,15.7,15.59,15.64,86.0,85.02,85.33
2023-12-28 05:00:00,62.94,62.0,62.59,54.62,53.59,54.22,16.57,16.43,16.55,15.81,15.61,15.73,85.215,84.0,84.03
2023-12-29 05:00:00,62.97,61.3714,61.55,54.393,53.27,53.35,16.62,16.4401,16.48,15.78,15.56,15.57,84.4,83.59,83.84
2024-01-02 05:00:00,62.23,61.0,61.24,53.42,51.73,52.07,16.37,16.18,16.23,15.66,15.3,15.39,85.52,84.31,84.74
2024-01-03 05:00:00,60.6887,58.47,59.37,50.93,48.96,50.08,16.02,15.8,15.86,15.13,14.82,15.04,86.425,84.44,86.12
2024-01-04 05:00:00,59.12,58.02,58.46,49.98,48.735,48.77,16.04,15.86,15.97,15.005,14.83,14.85,87.11,84.56,84.61
2024-01-05 05:00:00,58.4,57.26,58.07,49.445,47.76,48.29,16.1491,15.87,16.04,15.07,14.7,14.8,85.46,84.2882,84.68
2024-01-08 05:00:00,58.45,56.68,58.06,48.75,47.45,48.29,16.19,16.015,16.19,14.95,14.7117,14.9,83.8,82.1025,83.7
2024-01-09 05:00:00,57.27,56.01,56.33,48.25,47.08,47.91,16.16,16.06,16.16,14.94,14.7,14.85,83.9,82.175,82.36
2024-01-10 05:00:00,56.0,54.7,55.01,48.29,47.14,48.26,16.19,16.0499,16.19,14.93,14.68,14.85,82.5505,81.22,81.55
2024-01-11 05:00:00,55.7,54.02,54.63,48.36,46.27,47.01,16.14,15.92,16.03,14.79,14.47,14.65,82.2,81.43,81.76
2024-01-12 05:00:00,55.71,54.022,54.2,48.18,46.32,46.45,16.165,15.99,16.03,14.875,14.5105,14.54,83.345,82.18,82.68
2024-01-16 05:00:00,53.58,51.9349,52.12,45.67,44.2,44.27,15.76,15.5,15.53,14.38,14.015,14.03,82.61,80.66,80.71
2024-01-17 05:00:00,51.3,50.282,50.65,43.375,42.51,42.89,15.29,15.17,15.23,13.77,13.62,13.71,80.84,79.7,80.04
2024-01-18 05:00:00,50.97,50.03,50.71,43.8,42.93,43.27,15.355,15.211,15.29,13.88,13.685,13.77,80.13,78.9823,79.91
2024-01-19 05:00:00,50.61,48.8163,49.78,43.065,41.71,42.9,15.4,15.21,15.38,13.79,13.49,13.76,80.18,79.59,80.17
2024-01-22 05:00:00,49.15,47.51,48.96,45.275,43.0,43.56,15.45,15.32,15.37,14.215,13.72,13.9,80.645,79.48,80.47
2024-01-23 05:00:00,49.78,48.6901,48.9,45.73,44.2,44.89,15.51,15.371,15.44,14.21,13.92,14.07,81.29,80.22,80.64
2024-01-24 05:00:00,51.005,49.6,49.85,46.05,43.97,44.03,15.7,15.42,15.42,14.359,13.94,13.94,81.83,80.68,81.79
2024-01-25 05:00:00,50.7324,49.25,49.67,44.33,42.72,43.88,15.5,15.39,15.49,14.06,13.775,14.0,83.66,81.88,83.63
2024-01-26 05:00:00,50.34,49.57,49.63,44.2437,43.11,43.19,15.49,15.37,15.37,14.07,13.86,13.87,84.28,82.925,84.25
2024-01-29 05:00:00,50.38,48.8,50.36,44.15,42.31,44.05,15.5,15.3,15.45,14.07,13.7,14.07,84.25,83.25,84.13
2024-01-30 05:00:00,49.69,48.81,48.93,43.84,42.93,43.22,15.39,15.29,15.33,13.985,13.814,13.86,85.02,82.98,85.0
2024-01-31 05:00:00,49.06,47.3,47.4,44.75,42.3,42.37,15.61,15.32,15.32,14.3,13.8,13.81,85.16,83.37,83.41
2024-02-01 05:00:00,48.29,46.75,47.37,44.51,42.65,43.42,15.6,15.39,15.57,14.355,14.01,14.25,84.3,82.63,83.4
2024-02-02 05:00:00,46.63,45.5361,45.93,42.52,41.55,42.28,15.4,15.275,15.31,14.015,13.81,13.98,84.18,82.82,83.52
2024-02-05 05:00:00,45.28,44.02,44.23,41.3625,40.15,41.1,15.18,14.97,14.99,13.75,13.51,13.67,83.805,82.405,83.31
2024-02-06 05:00:00,46.3046,45.23,46.15,42.36,41.04,42.28,15.15,14.96,15.13,13.91,13.605,13.91,84.4,83.23,83.58
2024-02-07 05:00:00,47.5,46.6577,46.93,45.06,43.12,44.16,15.26,15.14,15.2,14.44,14.105,14.26,84.175,83.07,83.75
2024-02-08 05:00:00,47.7058,46.85,47.45,44.51,43.65,44.1,15.15,15.03,15.03,14.24,14.08,14.18,84.92,83.68,84.61
2024-02-09 05:00:00,48.375,47.4288,48.09,45.745,44.0,45.49,15.06,14.9,15.04,14.43,14.145,14.39,85.13,83.22,83.31
2024-02-12 05:00:00,49.625,47.92,48.85,47.9599,45.67,47.3,15.255,15.1,15.195,14.77,14.36,14.64,84.47,83.6,84.23
2024-02-13 05:00:00,47.9,45.9,46.17,45.69,43.75,44.49,15.02,14.7801,14.8413,14.345,14.025,14.12,84.6,82.835,83.38
2024-02-14 05:00:00,47.56,46.66,47.41,46.63,45.015,46.63,15.04,14.93,15.0028,14.52,14.255,14.51,84.245,82.86,83.3
2024-02-15 05:00:00,48.91,47.07,48.27,48.235,46.6849,47.4,15.25,15.09,15.2,14.825,14.56,14.73,85.856,83.21,85.62
2024-02-16 05:00:00,50.61,48.9,50.24,47.4899,46.6,46.86,15.1319,15.03,15.05,14.67,14.45,14.51,86.2499,85.32,85.57
2024-02-20 05:00:00,49.43,47.94,48.11,46.37,45.265,45.81,15.03,14.91,14.93,14.435,14.235,14.31,85.71,84.68,84.79
2024-02-21 05:00:00,49.445,48.4,48.72,45.1012,44.13,44.76,15.045,14.95,15.02,14.195,14.035,14.15,86.46,85.09,86.38
2024-02-22 05:00:00,49.3,48.23,48.29,44.78,42.63,42.65,15.12,15.02,15.02,14.13,13.83,13.83,86.89,85.42,86.53
2024-02-23 05:00:00,48.67,47.39,48.34,42.79,41.86,41.99,15.02,14.91,14.95,13.82,13.6501,13.68,86.235,85.14,85.96
2024-02-26 05:00:00,49.59,48.3906,48.84,42.73,41.44,41.98,14.9582,14.87,14.92,13.8,13.565,13.69,86.825,85.43,86.26
2024-02-27 05:00:00,49.8795,48.91,49.69,42.8599,42.03,42.56,15.08,14.93,15.04,13.87,13.73,13.83,86.71,85.45,85.89
2024-02-28 05:00:00,50.9987,50.12,50.745,42.86,41.9,42.01,14.9963,14.9,14.9,13.875,13.66,13.68,86.65,85.38,85.72
2024-02-29 05:00:00,53.315,51.55,52.54,44.28,42.59,43.15,15.35,15.06,15.18,14.1001,13.79,13.91,86.42,85.655,86.14
2024-03-01 05:00:00,54.59,52.805,54.32,44.49,42.965,44.18,15.35,15.13,15.3,14.19,13.87,14.13,87.54,86.61,87.14
2024-03-04 05:00:00,54.35,52.69,52.84,44.53,43.005,43.39,15.28,15.205,15.23,14.12,13.8399,13.91,87.32,86.125,86.21
2024-03-05 05:00:00,51.5,48.92,49.04,43.72,42.35,43.0,15.3443,15.1501,15.19,14.0,13.8,13.87,87.41,85.97,86.85
2024-03-06 05:00:00,51.5,50.1,51.15,44.28,43.0,43.94,15.55,15.38,15.4711,14.17,13.94,14.08,88.04,86.93,87.12
2024-03-07 05:00:00,52.92,51.6,51.83,45.1,44.31,44.97,15.76,15.62,15.703,14.31,14.14,14.27,88.35,87.17,87.86
2024-03-08 05:00:00,52.51,50.8,50.83,46.5999,45.36,45.77,15.81,15.66,15.73,14.54,14.3191,14.34,88.19,87.52,88.17
2024-03-11 04:00:00,52.7,50.65,52.4,47.56,46.23,46.38,15.7042,15.61,15.63,14.535,14.28,14.32,89.11,87.53,89.08
2024-03-12 04:00:00,52.5112,51.55,51.96,46.1,44.31,44.62,15.65,15.47,15.49,14.23,13.88,13.94,89.315,88.465,88.94
2024-03-13 04:00:00,52.99,52.11,52.61,45.12,43.77,43.87,15.51,15.36,15.41,13.905,13.675,13.7,90.85,89.72,90.36
2024-03-14 04:00:00,52.84,51.01,51.27,44.39,42.33,42.69,15.47,15.19,15.2423,13.84,13.4201,13.51,91.33,90.37,91.29
2024-03-15 04:00:00,51.99,51.09,51.64,43.0199,42.29,42.55,15.29,15.18,15.24,13.5451,13.35,13.42,92.22,91.01,91.56
2024-03-18 04:00:00,52.24,51.31,51.61,43.32,42.1,42.8,15.27,15.14,15.14,13.555,13.355,13.49,91.46,90.43,91.14
2024-03-19 04:00:00,51.34,50.6,50.81,43.28,42.69,43.05,15.2,15.03,15.155,13.46,13.36,13.42,92.2496,91.07,92.18
2024-03-20 04:00:00,52.9175,50.9601,52.67,44.4001,42.5,44.09,15.46,15.14,15.41,13.79,13.365,13.72,92.38,91.51,92.05
2024-03-21 04:00:00,52.92,52.1513,52.23,45.14,44.19,44.39,15.43,15.28,15.28,13.905,13.67,13.74,92.79,91.92,92.6
2024-03-22 04:00:00,51.53,50.5,50.67,44.5201,43.791,44.03,15.43,15.3,15.3,13.79,13.64,13.69,92.87,92.1735,92.4
2024-03-25 04:00:00,51.118,50.18,50.18,44.245,43.36,43.45,15.4133,15.23,15.23,13.78,13.57,13.57,93.88,92.7,93.26
2024-03-26 04:00:00,49.905,49.3,49.3,43.9,42.99,43.02,15.3003,15.23,15.23,13.68,13.47,13.47,93.56,92.36,92.54
2024-03-27 04:00:00,51.23,48.92,50.71,45.42,43.24,45.39,15.5,15.25,15.5,14.0,13.51,13.99,93.42,92.18,93.4
2024-03-28 04:00:00,51.71,50.7235,51.36,46.13,45.0,45.37,15.47,15.3966,15.42,14.1501,13.94,13.98,94.58,93.4957,94.41
2024-04-01 04:00:00,52.1,51.49,52.0,45.895,44.76,45.07,15.45,15.3131,15.33,14.1,13.9,13.97,95.39,93.7563,95.11
2024-04-02 04:00:00,52.11,51.35,51.96,44.36,43.19,43.39,15.29,15.23,15.23,13.91,13.68,13.74,96.54,95.1,96.44
2024-04-03 04:00:00,53.418,51.825,53.36,43.99,42.67,43.88,15.4,15.164,15.38,13.83,13.55,13.83,97.2302,96.4849,97.1
2024-04-04 04:00:00,54.46,52.17,52.54,45.46,43.515,43.72,15.6,15.28,15.28,14.2,13.8,13.82,97.595,96.66,97.04
2024-04-05 04:00:00,52.55,51.17,52.22,43.77,42.95,43.13,15.32,15.2,15.29,13.77,13.59,13.67,98.4667,96.85,98.08
2024-04-08 04:00:00,53.91,52.43,53.46,44.25,43.4,43.74,15.475,15.34,15.442,13.9,13.72,13.77,98.41,97.285,97.46
2024-04-09 04:00:00,55.26,54.39,55.03,45.59,43.87,45.52,15.66,15.5225,15.59,14.2,13.93,14.2,98.14,96.78,97.49
2024-04-10 04:00:00,54.0,53.07,53.86,44.16,43.23,43.97,15.3,15.14,15.26,13.87,13.65,13.81,98.15,96.8,97.79
2024-04-11 04:00:00,54.71,53.4001,54.56,44.81,43.08,43.68,15.4379,15.22,15.3,14.04,13.69,13.88,98.14,96.335,97.72
2024-04-12 04:00:00,54.4401,51.93,52.17,43.83,41.85,41.99,15.3697,15.1,15.12,13.9,13.5,13.53,98.97,95.67,96.13
2024-04-15 04:00:00,53.1,51.382,51.62,42.13,40.46,40.6,15.215,14.91,14.93,13.575,13.21,13.23,97.05,95.11,95.23
2024-04-16 04:00:00,51.145,49.7,50.1,40.33,39.58,39.74,14.92,14.8,14.83,13.19,13.01,13.06,95.49,93.73,94.4
2024-04-17 04:00:00,51.86,50.9407,50.99,40.85,39.845,40.1,14.9599,14.835,14.87,13.28,13.05,13.17,95.14,93.46,94.13
2024-04-18 04:00:00,50.86,49.72,50.3,40.53,39.61,39.7,15.0712,14.9109,14.9393,13.38,13.055,13.1,94.72,93.51,93.84
2024-04-19 04:00:00,50.13,49.52,50.1,39.86,39.365,39.59,15.0,14.87,14.9,13.135,13.0,13.02,95.61,93.88,94.97
2024-04-22 04:00:00,49.91,48.81,49.65,40.14,39.11,39.95,15.06,14.8855,15.0,13.185,12.95,13.13,96.24,93.72,95.59
2024-04-23 04:00:00,49.9803,48.53,49.58,41.13,39.68,40.5,15.26,14.98,15.19,13.36,13.09,13.26,96.12,94.69,96.12
2024-04-24 04:00:00,49.95,48.8702,49.24,41.29,39.882,40.31,15.21,15.07,15.12,13.32,13.085,13.14,96.3,95.06,96.19
2024-04-25 04:00:00,49.83,48.6,49.81,39.878,38.83,39.79,15.12,14.93,15.11,13.1,12.8601,13.08,96.92,95.25,96.63
2024-04-26 04:00:00,50.5085,49.83,50.35,41.0855,40.0,40.77,15.278,15.191,15.21,13.31,13.11,13.23,96.115,94.76,95.74
2024-04-29 04:00:00,52.64,50.89,52.57,42.015,41.29,41.62,15.47,15.28,15.45,13.475,13.35,13.43,96.6,95.4,96.39
2024-04-30 04:00:00,51.85,50.38,50.97,41.05,40.29,40.33,15.4006,15.27,15.3,13.34,13.21,13.23,96.165,93.475,93.52
2024-05-01 04:00:00,51.87,50.21,50.95,41.72,40.12,40.3,15.54,15.16,15.29,13.5377,13.18,13.25,93.69,91.53,92.03
2024-05-02 04:00:00,52.74,51.24,52.45,41.54,40.23,41.49,15.67,15.45,15.64,13.54,13.29,13.52,93.19,92.12,92.56
2024-05-03 04:00:00,53.81,52.7601,53.09,43.59,42.35,42.91,15.95,15.8101,15.891,13.99,13.71,13.85,92.74,91.345,92.57
2024-05-06 04:00:00,53.94,53.1558,53.45,43.5,43.05,43.25,16.0514,15.93,16.02,13.955,13.87,13.91,94.235,92.86,93.3
2024-05-07 04:00:00,54.61,53.64,54.03,43.68,43.03,43.06,16.23,16.11,16.18,14.05,13.91,13.96,93.9,93.18,93.21
2024-05-08 04:00:00,53.9799,53.15,53.8,42.6235,41.89,42.48,16.29,16.15,16.29,13.89,13.76,13.85,93.545,92.53,93.1
2024-05-09 04:00:00,55.4531,54.1,55.24,43.22,42.13,43.2,16.5503,16.32,16.5375,13.95,13.76,13.95,94.35,93.2,94.35
2024-05-10 04:00:00,55.5,54.4,54.57,43.85,41.97,42.06,16.69,16.54,16.61,14.12,13.84,13.84,94.86,93.58,93.83
2024-05-13 04:00:00,55.54,54.4953,54.76,43.63,42.53,42.77,16.7,16.57,16.67,13.975,13.805,13.88,94.4,93.18,93.58
2024-05-14 04:00:00,55.99,55.2,55.95,44.5513,43.2,43.77,16.8453,16.69,16.83,14.27,13.98,14.11,93.77,93.02,93.7
2024-05-15 04:00:00,56.31,54.36,54.63,45.2,43.325,43.73,17.22,16.94,17.22,14.43,14.18,14.29,94.08,92.12,93.91
2024-05-16 04:00:00,54.92,54.095,54.75,44.17,43.04,43.33,17.24,17.14,17.21,14.4368,14.25,14.25,94.38,93.4,93.65
2024-05-17 04:00:00,57.05,55.54,56.85,43.19,42.55,42.61,17.09,17.04,17.06,14.3,14.13,14.16,95.105,93.79,94.96
2024-05-20 04:00:00,57.0545,56.21,56.44,42.66,42.05,42.27,17.07,16.95,16.95,14.16,14.085,14.15,95.21,94.105,94.34
2024-05-21 04:00:00,56.06,55.06,55.3,42.95,41.92,42.91,17.07,16.945,17.0516,14.28,14.06,14.27,94.865,93.81,93.88
2024-05-22 04:00:00,54.85,53.56,53.83,47.36,43.17,46.76,17.126,16.9801,17.0203,14.91,14.21,14.79,93.54,91.71,92.08
2024-05-23 04:00:00,53.9844,52.1741,52.525,46.67,44.84,45.14,17.16,16.8373,16.91,14.8,14.52,14.57,92.86,91.08,91.24
2024-05-24 04:00:00,53.32,52.7015,53.32,47.56,45.21,47.5,17.2,16.95,17.2,14.96,14.58,14.92,92.1898,91.11,91.37
2024-05-28 04:00:00,53.72,52.91,53.1,48.65,47.28,47.62,17.49,17.3,17.34,15.23,15.0,15.08,92.55,91.455,92.31
2024-05-29 04:00:00,52.75,52.0843,52.49,48.2,46.6,47.6,17.07,16.92,16.94,14.945,14.77,14.83,92.13,90.27,90.68
2024-05-30 04:00:00,52.49,51.68,52.04,49.16,47.83,49.0,17.44,17.0701,17.39,15.04,14.84,15.04,91.27,90.45,90.94
2024-05-31 04:00:00,52.28,50.91,51.7,49.49,47.08,48.28,17.46,17.3271,17.44,15.15,14.79,14.97,93.2661,91.0096,93.2
2024-06-03 04:00:00,51.9075,51.06,51.23,49.4,47.87,48.13,17.6,17.44,17.57,15.25,15.0497,15.08,92.92,90.09,90.76
2024-06-04 04:00:00,51.15,50.16,50.35,48.14,47.27,47.41,17.65,17.43,17.5276,15.02,14.865,14.94,89.97,88.7,89.89
2024-06-05 04:00:00,50.57,49.88,50.49,48.96,47.36,48.53,17.6,17.45,17.58,15.13,14.9,15.06,90.14,89.33,89.88
2024-06-06 04:00:00,50.19,49.7558,50.14,48.16,47.32,47.51,17.4799,17.3666,17.37,15.0,14.86,14.91,90.38,89.2266,90.35
2024-06-07 04:00:00,49.35,48.7,48.75,47.28,45.76,45.94,17.28,17.11,17.12,14.795,14.53,14.53,91.035,89.55,89.99
2024-06-10 04:00:00,49.1024,48.2058,48.89,47.5633,45.22,47.26,17.16,16.8701,17.15,14.81,14.425,14.78,91.21,89.99,90.67
2024-06-11 04:00:00,48.01,47.53,47.9,47.96,46.43,47.83,16.99,16.86,16.93,14.76,14.515,14.73,90.59,89.44,90.49
2024-06-12 04:00:00,49.6201,47.96,48.1,49.93,48.03,48.29,17.31,17.06,17.09,15.15,14.835,14.87,91.27,89.0711,89.52
2024-06-13 04:00:00,47.7,46.4,46.52,48.39,46.77,47.12,17.18,16.9,16.96,14.9,14.6001,14.67,89.53,88.245,88.7
2024-06-14 04:00:00,46.08,45.02,45.24,47.27,45.72,45.8,16.85,16.62,16.71,14.575,14.33,14.34,88.7,87.67,88.04
2024-06-17 04:00:00,45.48,44.6512,45.05,45.86,44.22,44.93,16.69,16.5501,16.65,14.315,14.0099,14.12,88.665,87.6,88.27
2024-06-18 04:00:00,45.47,44.81,45.035,45.2849,44.42,45.11,16.75,16.65,16.71,14.18,14.05,14.14,89.76,88.418,88.64
2024-06-20 04:00:00,44.4892,44.0,44.16,44.135,43.3,43.77,16.828,16.71,16.73,14.06,13.87,13.95,90.73,88.62,90.27
2024-06-21 04:00:00,43.8,43.03,43.42,43.7399,42.8,43.23,16.71,16.62,16.63,14.0208,13.88,13.91,90.76,89.62,89.75
2024-06-24 04:00:00,43.91,43.24,43.43,43.67,42.32,42.96,16.91,16.74,16.76,14.1299,13.91,14.05,91.625,89.38,91.28
2024-06-25 04:00:00,43.22,42.4,42.61,42.44,41.39,41.65,16.7199,16.63,16.69,13.95,13.78,13.79,91.5,90.7,91.49
2024-06-26 04:00:00,43.85,42.66,43.85,41.615,40.9,41.25,16.61,16.52,16.57,13.73,13.63,13.71,91.59,90.155,90.59
2024-06-27 04:00:00,43.67,42.79,43.13,42.25,41.0,42.06,16.42,16.34,16.39,13.79,13.585,13.77,91.17,90.29,90.8
2024-06-28 04:00:00,43.24,42.3,42.52,42.02,40.01,40.21,16.41,16.08,16.21,13.71,13.28,13.32,91.82,90.82,91.15
2024-07-01 04:00:00,43.88,42.73,42.97,40.2401,39.14,39.24,16.372,16.14,16.16,13.49,13.29,13.31,92.18,90.66,91.2
2024-07-02 04:00:00,43.25,42.444,42.8,39.86,38.68,38.98,16.32,16.18,16.26,13.415,13.175,13.26,92.1,90.55,91.13
2024-07-03 04:00:00,44.49,43.46,44.25,40.6,39.08,40.54,16.57,16.32,16.51,13.6351,13.34,13.59,91.95,91.05,91.53
2024-07-05 04:00:00,44.64,43.7,44.02,40.6481,39.91,40.01,16.92,16.69,16.89,13.725,13.53,13.61,91.42,89.7,90.1
2024-07-08 04:00:00,43.99,43.3001,43.59,40.71,40.0,40.45,16.7292,16.63,16.66,13.73,13.55,13.7,90.38,89.195,89.55
2024-07-09 04:00:00,43.56,42.63,42.63,41.085,40.07,40.73,16.6647,16.57,16.59,13.77,13.61,13.7,89.74,88.4,88.76
2024-07-10 04:00:00,43.49,42.53,43.28,41.47,40.4634,41.39,16.8011,16.7,16.8011,13.89,13.73,13.86,89.39,88.39,89.36
2024-07-11 04:00:00,44.83,44.0326,44.71,43.44,42.47,43.27,17.0999,16.965,17.0783,14.2665,14.11,14.24,90.475,88.82,90.29
2024-07-12 04:00:00,45.41,44.86,45.29,44.74,43.59,44.5,17.26,17.14,17.23,14.455,14.2811,14.41,90.93,89.85,90.52
2024-07-15 04:00:00,44.72,44.0,44.53,42.7689,41.63,41.89,17.01,16.73,16.74,14.02,13.79,13.85,92.72,90.81,91.89
2024-07-16 04:00:00,45.33,44.22,45.07,43.54,42.0217,43.47,16.94,16.64,16.91,14.09,13.8,14.09,92.3871,91.03,92.3
2024-07-17 04:00:00,45.29,43.79,44.11,43.15,41.85,42.24,16.91,16.64,16.64,14.0,13.76,13.8,93.82,92.49,93.22
2024-07-18 04:00:00,44.45,43.0,43.09,43.3494,41.57,41.73,16.84,16.52,16.52,14.04,13.7,13.75,94.51,92.79,93.39
2024-07-19 04:00:00,43.19,42.63,42.97,41.94,40.68,41.4,16.77,16.5801,16.6017,13.84,13.67,13.67,93.88,92.13,92.37
2024-07-22 04:00:00,43.04,42.38,42.89,42.5,41.38,41.62,16.81,16.71,16.77,13.89,13.72,13.83,92.32,91.265,91.79
2024-07-23 04:00:00,42.32,41.79,41.95,41.89,41.08,41.44,16.73,16.64,16.66,13.8381,13.7,13.73,91.61,90.215,90.33
2024-07-24 04:00:00,41.96,40.77,40.77,42.73,41.5,41.8,16.84,16.59,16.62,14.065,13.82,13.92,91.15,89.715,90.34
2024-07-25 04:00:00,41.82,40.66,41.11,42.9124,41.65,42.08,16.7501,16.59,16.59,14.1061,13.8701,13.93,92.19,89.97,91.9
2024-07-26 04:00:00,42.08,41.4497,41.99,43.16,42.2501,42.69,16.92,16.77,16.8516,14.18,13.99,14.11,92.575,91.3314,92.19
2024-07-29 04:00:00,41.59,40.6801,41.2,42.65,41.145,41.66,16.92,16.79,16.86,14.145,13.9299,13.99,92.27,90.535,91.4
2024-07-30 04:00:00,41.05,40.5637,40.86,41.81,40.75,40.98,16.86,16.73,16.7614,14.04,13.87,13.93,93.11,91.2817,92.82
2024-07-31 04:00:00,42.73,41.68,41.86,43.135,41.7123,42.13,17.165,16.9512,17.09,14.28,14.02,14.15,94.14,93.14,93.21
2024-08-01 04:00:00,42.28,40.311,40.47,43.17,41.1601,41.41,17.05,16.69,16.78,14.25,13.92,13.98,93.47,90.27,90.74
2024-08-02 04:00:00,40.07,38.74,39.13,40.76,39.63,40.19,16.78,16.57,16.62,14.12,13.84,13.94,90.19,87.51,88.4
2024-08-05 04:00:00,38.35,37.2,37.96,39.84,37.42,39.12,16.22,16.0,16.12,13.6599,13.24,13.48,87.18,85.47,86.45
2024-08-06 04:00:00,38.2006,37.67,37.95,39.85,38.8802,39.18,16.43,16.06,16.29,13.68,13.44,13.55,87.96,86.43,86.98
2024-08-07 04:00:00,39.15,37.85,37.97,41.02,39.42,39.46,16.78,16.421,16.4241,13.99,13.645,13.68,88.94,87.28,87.33
2024-08-08 04:00:00,39.0,38.12,38.9,40.53,39.52,40.2,16.7799,16.53,16.74,13.95,13.71,13.91,89.33,87.58,89.21
2024-08-09 04:00:00,39.2698,38.42,38.66,40.03,38.91,39.39,16.79,16.6702,16.75,13.8899,13.705,13.85,89.79,88.51,89.41
2024-08-12 04:00:00,38.89,38.0,38.06,39.54,39.09,39.26,16.73,16.56,16.62,13.87,13.775,13.82,90.425,87.5,89.85
2024-08-13 04:00:00,38.6377,37.95,38.5,40.82,39.4273,40.66,17.0,16.81,17.0,14.18,13.92,14.16,89.25,88.54,88.98
2024-08-14 04:00:00,38.355,37.4,37.74,41.18,39.95,40.07,16.95,16.8401,16.88,14.2,14.035,14.06,89.895,88.8,89.5
2024-08-15 04:00:00,38.97,37.91,38.8378,41.53,40.56,41.11,16.9898,16.88,16.89,14.25,14.1001,14.19,90.86,89.93,90.57
2024-08-16 04:00:00,39.07,38.64,38.98,41.07,40.34,40.7,16.91,16.8199,16.87,14.2,14.07,14.17,90.69,89.94,90.47
2024-08-19 04:00:00,39.86,39.22,39.63,41.66,40.68,41.6,17.02,16.96,17.01,14.4198,14.21,14.37,91.85,90.62,91.08
2024-08-20 04:00:00,39.7,39.22,39.28,41.65,40.53,40.74,16.92,16.806,16.83,14.3569,14.155,14.21,90.96,88.64,88.68
2024-08-21 04:00:00,41.29,40.14,41.28,41.1789,40.64,41.13,16.9,16.815,16.9,14.3,14.2,14.27,89.685,88.575,88.83
2024-08-22 04:00:00,41.14,39.94,40.23,40.97,39.99,40.08,16.87,16.68,16.71,14.27,14.0201,14.05,89.46,88.71,89.06
2024-08-23 04:00:00,40.79,39.78,40.53,42.24,40.29,42.17,17.07,16.79,17.05,14.46,14.13,14.45,90.54,89.37,90.39
2024-08-26 04:00:00,41.0479,40.3943,40.55,42.87,41.65,41.68,17.06,16.99,17.01,14.5665,14.4,14.41,91.995,90.53,91.2
2024-08-27 04:00:00,40.5999,40.07,40.07,41.74,41.04,41.53,17.08,17.0,17.0649,14.38,14.2502,14.35,91.45,90.19,90.35
2024-08-28 04:00:00,40.134,39.42,39.75,41.57,40.54,40.92,17.04,16.8804,16.96,14.4,14.205,14.27,90.325,89.3737,89.77
2024-08-29 04:00:00,40.84,39.69,40.37,41.4,40.76,40.78,17.0,16.89,16.89,14.31,14.17,14.18,91.28,89.45,90.94
2024-08-30 04:00:00,40.7948,39.83,39.89,41.5,40.83,41.28,17.08,16.9,16.985,14.31,14.19,14.29,91.31,89.81,91.28
2024-09-03 04:00:00,39.09,37.85,38.05,41.3,39.6,39.82,16.88,16.56,16.5899,14.245,13.87,13.91,89.9269,88.445,89.01
2024-09-04 04:00:00,38.61,37.65,38.11,40.4,39.55,40.28,16.79,16.66,16.72,14.135,13.96,14.09,89.67,87.605,87.78
2024-09-05 04:00:00,38.44,37.84,37.96,40.63,39.9768,39.99,17.06,16.8,16.9,14.3,14.125,14.18,88.48,87.02,87.1
2024-09-06 04:00:00,37.41,36.1637,36.34,40.06,38.81,38.97,16.94,16.6209,16.67,14.1795,13.88,13.89,87.82,85.66,86.01
2024-09-09 04:00:00,37.51,36.69,36.93,38.9911,38.01,38.17,16.72,16.66,16.6624,13.98,13.845,13.87,87.43,86.14,86.63
2024-09-10 04:00:00,36.51,36.0101,36.45,38.21,37.33,38.1,16.69,16.5401,16.686,13.88,13.74,13.88,86.87,84.41,85.14
2024-09-11 04:00:00,39.555,38.33,39.06,40.59,39.08,40.49,17.1,16.81,17.1,14.37,14.095,14.37,85.17,83.02,84.35
2024-09-12 04:00:00,39.32,38.7,39.14,40.34,39.69,40.04,17.26,17.08,17.26,14.3261,14.185,14.27,85.435,84.05,85.11
2024-09-13 04:00:00,39.1397,38.56,38.84,40.7,40.04,40.58,17.55,17.4,17.5,14.49,14.38,14.45,86.23,85.34,85.59
2024-09-16 04:00:00,39.1,38.47,39.06,40.92,39.8,40.57,17.62,17.46,17.62,14.59,14.3999,14.55,87.11,85.92,86.57
2024-09-17 04:00:00,39.3644,38.76,39.13,41.65,40.5,41.46,17.7,17.59,17.63,14.71,14.525,14.66,87.8,86.41,87.74
2024-09-18 04:00:00,39.71,38.55,38.67,43.14,41.21,41.45,17.85,17.6,17.6189,14.93,14.58,14.61,88.99,87.49,87.91
2024-09-19 04:00:00,40.41,39.8957,40.04,42.8099,41.01,41.14,17.79,17.66,17.79,14.85,14.5001,14.53,89.955,88.47,88.96
2024-09-20 04:00:00,39.978,38.7,39.06,41.07,40.225,40.66,17.78,17.66,17.77,14.44,14.3227,14.37,88.97,87.775,88.76
2024-09-23 04:00:00,40.01,39.16,39.82,41.02,40.34,40.94,17.94,17.87,17.88,14.49,14.32,14.48,89.555,87.895,89.12
2024-09-24 04:00:00,42.77,41.39,42.5,41.8,41.14,41.51,18.095,18.0,18.03,14.67,14.55,14.61,90.14,88.7748,88.9
2024-09-25 04:00:00,42.04,41.15,41.37,41.37,40.515,40.58,18.11,17.86,17.87,14.58,14.43,14.45,88.94,86.98,87.16
2024-09-26 04:00:00,44.73,43.26,44.61,42.6,41.4,41.94,18.125,17.98,18.03,14.765,14.585,14.69,86.575,85.17,85.45
2024-09-27 04:00:00,45.9,44.92,45.48,43.72,42.9,43.0,18.15,18.01,18.06,14.885,14.75,14.77,87.315,85.86,87.19
2024-09-30 04:00:00,46.92,45.98,46.12,43.795,42.91,43.11,18.13,17.96,18.0442,14.8097,14.61,14.69,87.955,86.525,87.8
2024-10-01 04:00:00,46.59,45.6263,46.35,43.17,41.98,42.67,18.0,17.78,17.87,14.6778,14.4,14.5,90.16,86.9,89.8
2024-10-02 04:00:00,47.53,46.39,47.53,42.91,42.0,42.45,17.77,17.6,17.61,14.53,14.29,14.37,91.29,89.71,90.72
2024-10-03 04:00:00,46.28,45.52,46.19,42.0456,41.447,41.64,17.6,17.41,17.42,14.31,14.18,14.21,92.44,90.35,92.32
2024-10-04 04:00:00,47.7,46.94,47.66,42.545,41.82,42.13,17.5599,17.46,17.52,14.255,14.1,14.16,93.465,92.25,93.18
2024-10-07 04:00:00,51.1,48.57,50.76,43.4206,42.324,42.89,17.74,17.58,17.67,14.255,14.06,14.15,94.21,93.2,93.51
2024-10-08 04:00:00,48.04,47.001,47.79,41.34,40.3,40.54,17.525,17.41,17.42,14.08,13.9301,13.96,92.4,90.63,91.07
2024-10-09 04:00:00,48.2,47.002,47.9,40.43,39.52,40.05,17.48,17.4,17.42,13.995,13.85,13.92,91.86,90.21,91.62
2024-10-10 04:00:00,48.32,47.41,48.18,39.69,38.475,38.57,17.3,17.1499,17.18,13.845,13.55,13.58,92.75,91.46,92.24
2024-10-11 04:00:00,48.55,47.3901,48.47,39.53,38.31,39.32,17.31,17.18,17.27,13.725,13.53,13.71,93.14,92.03,92.81
2024-10-14 04:00:00,48.1399,47.26,47.67,39.33,38.588,38.88,17.28,17.22,17.25,13.71,13.59,13.65,92.92,92.02,92.77
2024-10-15 04:00:00,47.26,46.2,46.32,38.345,37.35,37.51,17.16,16.96,16.96,13.6,13.37,13.38,90.9,89.73,89.78
2024-10-16 04:00:00,47.27,46.31,46.92,37.845,37.48,37.75,17.18,17.04,17.18,13.5601,13.42,13.55,90.505,89.965,90.21
2024-10-17 04:00:00,46.62,45.6,45.97,37.8,37.0,37.02,17.4,17.17,17.18,13.55,13.41,13.41,90.94,90.1,90.64
2024-10-18 04:00:00,46.805,46.46,46.75,37.65,37.22,37.34,17.34,17.25,17.34,13.5,13.41,13.44,90.73,89.7,90.34
2024-10-21 04:00:00,46.59,45.89,46.22,37.55,36.64,36.9,17.34,17.17,17.2,13.46,13.3,13.35,91.23,89.91,90.07
2024-10-22 04:00:00,47.41,46.04,47.3,37.5089,36.94,37.28,17.14,17.03,17.03,13.36,13.27,13.32,90.7,89.95,90.28
2024-10-23 04:00:00,46.98,46.045,46.37,37.84,36.86,37.04,17.07,16.9201,16.99,13.23,13.05,13.09,90.375,89.29,89.81
2024-10-24 04:00:00,46.5799,45.92,46.45,37.35,36.81,37.21,17.1382,17.005,17.13,13.16,13.055,13.12,90.27,89.2,89.8
2024-10-25 04:00:00,47.6999,47.0184,47.18,39.38,38.22,38.95,17.2001,17.02,17.02,13.25,13.1,13.16,90.52,89.51,89.77
2024-10-28 04:00:00,48.63,47.41,48.33,40.17,39.1,39.88,17.13,17.065,17.09,13.365,13.23,13.29,89.255,87.78,89.2
2024-10-29 04:00:00,48.55,47.66,47.8,39.19,38.3,38.45,16.91,16.74,16.7408,13.205,13.05,13.06,89.07,87.65,87.84
2024-10-30 04:00:00,47.29,46.55,46.64,39.28,38.04,38.88,16.84,16.7,16.73,13.16,12.9207,13.11,88.73,87.81,88.04
2024-10-31 04:00:00,47.01,46.27,46.59,39.99,39.2,39.83,16.6995,16.6,16.64,13.15,13.03,13.1,89.26,88.355,88.59
2024-11-01 04:00:00,48.5225,47.77,48.22,40.315,39.53,39.79,16.8,16.58,16.5923,13.28,13.1,13.15,90.11,87.85,88.03
2024-11-04 05:00:00,48.96,48.1,48.51,41.71,40.4,41.08,16.935,16.78,16.81,13.57,13.35,13.45,89.71,88.51,89.57
2024-11-05 05:00:00,49.56,49.0541,49.56,41.88,40.58,41.79,16.86,16.65,16.86,13.51,13.25,13.5,90.395,89.61,90.17
2024-11-06 05:00:00,48.6,47.72,48.3,37.8,36.3,37.25,15.905,15.7,15.815,12.58,12.27,12.51,94.265,92.0499,93.56
2024-11-07 05:00:00,49.93,49.04,49.52,37.77,37.0667,37.58,16.26,16.085,16.14,12.7,12.5643,12.67,93.5,92.42,93.13
2024-11-08 05:00:00,48.63,47.0801,47.88,37.0402,35.74,36.04,16.04,15.81,15.95,12.49,12.3,12.38,93.885,92.77,93.75
2024-11-11 05:00:00,49.1079,48.21,49.04,36.25,35.675,36.14,16.03,15.9004,15.91,12.385,12.29,12.33,94.595,93.33,94.28
2024-11-12 05:00:00,48.62,47.5501,47.73,35.585,34.42,34.72,15.715,15.37,15.5336,12.21,11.955,12.01,94.8475,93.6799,93.78
2024-11-13 05:00:00,48.9551,47.85,48.03,35.29,34.48,34.84,15.71,15.52,15.55,12.04,11.92,11.97,94.895,92.93,94.51
2024-11-14 05:00:00,47.5562,46.12,46.17,36.07,34.3,35.57,15.695,15.5999,15.63,12.31,11.97,12.21,95.18,94.265,94.87
2024-11-15 05:00:00,46.2,45.15,45.58,35.88,34.28,34.31,15.856,15.65,15.65,12.295,12.08,12.09,95.69,94.39,94.73
2024-11-18 05:00:00,46.0,45.36,45.87,34.78,33.89,34.52,15.84,15.61,15.8,12.17,12.01,12.14,96.18,95.06,95.99
2024-11-19 05:00:00,46.3971,45.79,46.32,34.49,33.97,34.01,15.63,15.501,15.61,12.115,12.0399,12.06,95.9501,94.925,95.38
2024-11-20 05:00:00,46.38,45.86,46.31,34.68,33.79,34.65,15.572,15.4929,15.5534,12.08,11.98,12.08,96.41,95.43,96.34
2024-11-21 05:00:00,46.6166,45.8,46.56,34.81,34.23,34.33,15.6151,15.53,15.57,12.12,12.01,12.02,97.85,96.54,97.12
2024-11-22 05:00:00,46.24,45.5505,46.1,34.73,33.86,34.64,15.67,15.5705,15.66,12.12,11.97,12.12,97.92,96.9,97.27
2024-11-25 05:00:00,46.51,45.95,46.36,36.3575,35.24,36.05,15.93,15.82,15.89,12.41,12.24,12.34,97.74,95.115,95.35
2024-11-26 05:00:00,45.92,45.06,45.09,36.18,35.46,35.97,15.87,15.6601,15.75,12.32,12.175,12.25,95.68,94.78,95.22
2024-11-27 05:00:00,46.1193,45.29,45.85,36.85,36.15,36.54,15.96,15.86,15.91,12.435,12.33,12.35,95.93,95.0,95.12
2024-11-29 05:00:00,46.1698,45.44,45.95,37.29,36.79,36.83,16.13,15.98,16.1283,12.41,12.28,12.39,95.69,95.16,95.53
2024-12-02 05:00:00,46.045,45.53,46.0,37.67,36.8,37.47,16.068,15.93,16.0136,12.46,12.31,12.43,95.66,93.67,94.52
2024-12-03 05:00:00,46.63,45.96,46.39,37.33,36.78,36.87,15.955,15.88,15.8983,12.41,12.3,12.34,95.3,94.1007,94.51
2024-12-04 05:00:00,46.37,44.7,44.81,36.775,35.89,36.02,15.86,15.67,15.69,12.27,12.12,12.14,94.47,91.68,92.23
2024-12-05 05:00:00,44.57,43.88,43.88,36.285,35.32,35.43,15.91,15.76,15.7618,12.27,12.12,12.15,93.2,92.2037,92.59
2024-12-06 05:00:00,44.1799,43.6839,43.78,35.87,35.12,35.32,15.85,15.64,15.67,12.2498,12.08,12.1,92.41,90.845,91.02
2024-12-09 05:00:00,46.2892,44.96,45.24,37.66,35.79,36.79,15.8625,15.71,15.71,12.49,12.22,12.34,92.265,90.79,90.87
2024-12-10 05:00:00,44.83,43.99,44.19,36.1,35.51,35.79,15.688,15.54,15.54,12.23,12.115,12.18,91.52,90.12,90.25
2024-12-11 05:00:00,44.265,43.8,43.89,36.035,35.08,35.55,15.65,15.52,15.63,12.19,12.015,12.18,90.74,89.96,90.4
2024-12-12 05:00:00,43.9,43.2,43.65,35.54,34.86,34.88,15.5405,15.38,15.38,12.128,11.98,11.98,90.4,89.58,89.67
2024-12-13 05:00:00,43.23,42.6,42.74,35.07,34.62,35.07,15.43,15.3,15.32,11.9951,11.905,11.98,89.92,88.97,89.22
2024-12-16 05:00:00,42.435,42.05,42.06,34.82,33.98,34.16,15.3354,15.22,15.23,11.937,11.8,11.81,88.97,87.19,87.26
2024-12-17 05:00:00,42.22,41.692,41.83,35.07,34.1,34.63,15.23,15.16,15.2,11.84,11.67,11.76,86.77,85.8,86.61
2024-12-18 05:00:00,41.91,40.31,40.59,35.24,33.36,33.53,15.348,14.8,14.8,11.82,11.37,11.39,86.78,84.05,84.05
2024-12-19 05:00:00,41.13,40.34,40.38,33.5,32.54,32.56,14.97,14.8,14.8,11.4614,11.33,11.35,85.21,83.26,83.32
2024-12-20 05:00:00,40.92,39.92,40.38,33.81,32.15,33.54,15.1,14.76,14.96,11.59,11.29,11.52,84.43,83.0902,84.14
2024-12-23 05:00:00,39.88,39.3148,39.76,34.07,33.24,34.06,15.01,14.9337,15.0,11.6,11.5,11.6,84.21,82.75,83.93
2024-12-24 05:00:00,40.3808,39.82,40.33,34.67,34.03,34.43,15.14,14.995,15.07,11.6699,11.5,11.64,84.8,83.6191,84.64
2024-12-26 05:00:00,40.5,40.05,40.3,34.67,34.04,34.39,15.14,15.0,15.09,11.67,11.51,11.6,84.715,84.05,84.57
2024-12-27 05:00:00,40.395,39.67,39.94,34.25,33.65,33.95,15.02,14.88,14.9,11.575,11.46,11.53,85.48,84.135,84.56
2024-12-30 05:00:00,39.6531,39.23,39.36,33.715,33.12,33.62,14.8899,14.75,14.86,11.45,11.34,11.43,85.03,83.85,84.55
2024-12-31 05:00:00,39.53,38.9003,39.01,33.98,33.11,33.12,14.95,14.79,14.8,11.49,11.35,11.38,85.9,84.575,85.66
2025-01-02 05:00:00,39.8,39.17,39.39,35.02,33.6,34.73,15.0242,14.89,14.92,11.645,11.41,11.6,87.295,86.075,86.66
2025-01-03 05:00:00,40.0628,39.43,40.02,35.27,34.8,35.15,15.2,15.06,15.2,11.686,11.61,11.65,87.7631,86.82,87.47
2025-01-06 05:00:00,41.6,40.64,41.21,36.64,35.51,35.55,15.38,15.24,15.25,11.875,11.72,11.72,88.57,86.845,87.07
2025-01-07 05:00:00,42.1,41.27,41.45,37.12,35.73,36.6,15.36,15.08,15.11,11.95,11.78,11.82,88.61,87.18,87.94
2025-01-08 05:00:00,41.17,40.67,40.82,35.96,35.13,35.3,14.84,14.68,14.79,11.61,11.46,11.53,88.07,87.09,88.03
2025-01-10 05:00:00,40.88,40.01,40.29,34.8,33.97,34.14,14.56,14.32,14.4,11.46,11.14,11.22,90.2,87.92,88.39
2025-01-13 05:00:00,41.06,40.29,41.05,33.84,32.92,33.72,14.4,14.3,14.39,11.18,11.03,11.17,90.775,88.79,90.25
2025-01-14 05:00:00,41.84,41.3301,41.63,34.69,33.8342,33.94,14.58,14.5,14.56,11.325,11.21,11.24,91.2999,89.955,91.22
2025-01-15 05:00:00,42.76,42.33,42.59,35.415,34.31,34.35,14.96,14.8206,14.84,11.495,11.34,11.37,92.805,91.4,92.57
2025-01-16 05:00:00,42.59,42.2298,42.4,34.82,34.1086,34.68,14.8485,14.72,14.825,11.43,11.31,11.4,93.325,92.15,93.24
2025-01-17 05:00:00,43.2,42.69,42.84,35.075,34.32,34.39,15.04,14.89,14.92,11.5,11.37,11.44,94.29,92.91,93.96
2025-01-21 05:00:00,43.16,42.2,42.53,34.24,33.27,33.67,14.9799,14.83,14.94,11.38,11.29,11.33,94.0,92.99,93.48
2025-01-22 05:00:00,42.38,41.73,41.78,33.67,32.51,32.57,14.9,14.67,14.67,11.21,11.03,11.04,93.3,91.72,91.78
2025-01-23 05:00:00,41.87,41.255,41.6,33.56,32.12,33.53,14.9,14.72,14.88,11.19,10.97,11.19,92.8199,91.545,92.2
2025-01-24 05:00:00,42.18,41.6623,41.72,33.92,33.34,33.65,15.01,14.91,14.93,11.2388,11.15,11.17,92.705,91.195,91.31
2025-01-27 05:00:00,41.53,41.05,41.47,33.82,32.96,33.32,14.66,14.48,14.55,11.21,11.05,11.14,91.16,89.73,90.36
2025-01-28 05:00:00,41.27,40.5281,40.88,33.455,32.45,32.65,14.66,14.4,14.52,11.195,11.01,11.07,90.95,89.05,89.5
2025-01-29 05:00:00,41.0787,40.67,40.95,34.29,33.34,33.61,14.6601,14.5,14.53,11.335,11.165,11.21,90.155,89.15,89.7
2025-01-30 05:00:00,41.44,40.77,41.06,34.4499,33.76,34.18,14.8899,14.7,14.7926,11.47,11.33,11.41,90.63,89.6,90.16
2025-01-31 05:00:00,41.3014,40.36,40.61,34.56,33.69,33.8,14.9347,14.72,14.7649,11.4951,11.34,11.37,90.11,87.43,87.64
2025-02-03 05:00:00,40.44,39.77,40.21,33.75,32.6014,33.22,14.5385,14.33,14.46,11.329,11.075,11.24,88.545,86.83,88.19
2025-02-04 05:00:00,41.425,40.21,41.22,34.325,33.24,33.96,14.65,14.4442,14.58,11.465,11.25,11.37,90.23,87.63,90.04
2025-02-05 05:00:00,41.54,40.98,41.1,34.45,33.44,33.57,14.915,14.78,14.84,11.54,11.4001,11.42,90.355,89.505,90.23
2025-02-06 05:00:00,41.87,41.34,41.59,34.575,33.86,34.27,15.03,14.87,14.91,11.5,11.3501,11.43,90.86,88.09,88.57
2025-02-07 05:00:00,41.89,41.2986,41.46,34.92,34.1,34.36,15.01,14.76,14.7826,11.425,11.21,11.25,89.365,88.44,88.56
2025-02-10 05:00:00,41.75,41.12,41.43,34.41,34.05,34.26,14.908,14.7836,14.905,11.23,11.18,11.23,90.66,89.35,90.51
2025-02-11 05:00:00,41.14,40.68,40.94,33.89,33.245,33.29,14.8885,14.83,14.87,11.2,11.11,11.12,91.85,90.36,91.24
2025-02-12 05:00:00,41.42,40.5541,41.34,33.5,32.7201,33.19,14.855,14.64,14.8029,11.15,10.995,11.1,91.11,88.875,89.04
2025-02-13 05:00:00,42.11,41.04,42.07,33.83,33.09,33.76,15.0,14.88,14.99,11.23,11.1,11.22,89.91,88.32,89.71
2025-02-14 05:00:00,42.1,41.21,41.21,34.53,33.87,34.31,15.1199,14.9968,15.01,11.3493,11.27,11.33,91.325,90.05,90.07
2025-02-18 05:00:00,41.37,40.795,41.22,34.95,34.0501,34.9,15.0679,15.0,15.0455,11.3657,11.245,11.35,91.9,89.98,91.3
2025-02-19 05:00:00,41.1,40.61,40.92,36.4,35.5,35.5,15.04,14.98,15.0,11.5,11.39,11.39,92.88,91.625,92.02
2025-02-20 05:00:00,42.07,41.56,42.01,35.465,34.73,35.38,15.15,15.01,15.14,11.53,11.38,11.52,93.015,91.44,92.86
2025-02-21 05:00:00,41.88,41.02,41.23,35.54,34.21,34.44,15.1301,14.92,14.9653,11.59,11.3044,11.36,92.55,90.875,90.93
2025-02-24 05:00:00,41.04,40.475,40.83,34.65,34.0501,34.28,15.0999,14.9563,15.005,11.47,11.345,11.4,91.4381,90.465,90.95
2025-02-25 05:00:00,40.916,40.2101,40.55,34.86,34.13,34.26,15.385,15.2,15.3315,11.58,11.45,11.51,91.35,88.905,89.64
2025-02-26 05:00:00,41.1083,40.4345,40.56,35.86,34.96,34.96,15.51,15.3592,15.36,11.7156,11.535,11.55,89.985,88.715,89.13
2025-02-27 05:00:00,40.84,40.33,40.33,35.01,33.61,33.68,15.28,15.04,15.04,11.48,11.19,11.2,90.705,88.98,89.61
2025-02-28 05:00:00,39.97,39.45,39.81,33.23,32.03,32.35,15.18,14.9606,15.18,11.21,11.015,11.11,91.07,88.76,91.0
2025-03-03 05:00:00,40.74,39.14,39.27,32.608,31.09,31.31,15.32,14.9401,15.12,11.15,10.87,10.94,91.8725,87.01,87.82
2025-03-04 05:00:00,40.1489,38.69,39.6,32.55,30.615,32.08,15.23,14.8715,15.13,11.217,10.87,11.13,88.38,85.43,86.97
2025-03-05 05:00:00,41.57,40.19,41.52,32.58,31.75,32.39,15.44,15.27,15.44,11.31,11.15,11.29,86.145,84.025,85.7
2025-03-06 05:00:00,41.81,41.1126,41.7,32.3879,31.7506,32.15,15.7,15.31,15.35,11.305,11.19,11.27,86.485,84.62,85.96
2025-03-07 05:00:00,42.08,41.27,41.87,32.96,31.99,32.83,15.59,15.38,15.56,11.55,11.32,11.52,88.0594,86.35,87.43
2025-03-10 04:00:00,41.69,40.5,40.78,33.34,32.4,32.55,15.44,15.2203,15.28,11.58,11.375,11.45,89.29,87.26,88.08
2025-03-11 04:00:00,41.455,40.75,41.1,33.09,32.04,32.63,15.5215,15.35,15.48,11.62,11.455,11.58,88.82,86.91,87.38
2025-03-12 04:00:00,41.2,40.47,40.89,32.87,31.96,32.28,15.53,15.41,15.48,11.5242,11.425,11.49,88.585,87.105,87.78
2025-03-13 04:00:00,41.4853,40.91,41.28,32.5,31.8,32.09,15.465,15.37,15.4036,11.53,11.42,11.49,88.73,86.65,87.18
2025-03-14 04:00:00,42.875,41.875,42.8,32.82,32.28,32.39,15.66,15.56,15.6382,11.64,11.56,11.58,89.88,87.26,89.76
2025-03-17 04:00:00,44.23,43.2,44.12,33.69,32.46,33.54,16.03,15.73,16.03,11.895,11.58,11.86,91.61,89.69,91.19
2025-03-18 04:00:00,44.5,43.88,44.5,33.35,32.63,32.87,16.03,15.9502,15.9765,11.8425,11.735,11.79,91.905,90.62,91.34
2025-03-19 04:00:00,44.48,43.84,44.28,33.2802,32.77,33.09,16.0499,15.91,16.0436,11.895,11.77,11.85,93.24,91.44,92.83
2025-03-20 04:00:00,43.38,42.93,43.07,33.06,32.36,32.59,15.9202,15.84,15.8968,11.865,11.74,11.79,93.48,91.93,93.17
2025-03-21 04:00:00,42.67,42.09,42.58,32.45,31.8801,32.16,15.81,15.73,15.7535,11.74,11.68,11.72,93.08,91.935,92.52
2025-03-24 04:00:00,43.01,42.45,42.45,32.595,31.82,31.83,15.74,15.5,15.53,11.75,11.57,11.58,93.395,92.07,92.85
2025-03-25 04:00:00,42.7191,42.34,42.44,32.59,31.94,32.13,15.6481,15.56,15.6149,11.73,11.64,11.68,94.04,92.95,93.23
2025-03-26 04:00:00,42.64,41.6725,41.93,32.3955,31.21,31.36,15.61,15.41,15.41,11.6651,11.47,11.53,94.82,93.545,93.78
2025-03-27 04:00:00,42.0063,41.31,41.81,31.67,31.01,31.27,15.5,15.39,15.4,11.6,11.46,11.53,93.85,92.4976,92.87
2025-03-28 04:00:00,41.6,40.86,40.88,31.19,30.7601,31.01,15.36,15.215,15.2408,11.55,11.4744,11.53,93.17,91.965,92.43
2025-03-31 04:00:00,39.8,38.86,39.53,30.57,29.76,30.46,15.035,14.93,15.01,11.445,11.2427,11.42,94.0,92.1,93.45
2025-04-01 04:00:00,39.69,38.95,39.53,30.835,29.91,30.8,15.08,14.98,15.0448,11.501,11.345,11.49,94.085,92.49,94.0
2025-04-02 04:00:00,39.145,38.715,38.97,31.17,30.44,31.08,15.28,15.03,15.2306,11.58,11.445,11.55,94.21,92.98,94.13
2025-04-03 04:00:00,38.14,37.3868,37.56,30.86,29.98,30.35,15.53,15.22,15.29,11.84,11.63,11.69,90.34,86.71,86.74
2025-04-04 04:00:00,36.25,33.9501,34.66,29.23,28.2,28.88,14.94,14.22,14.22,11.365,11.025,11.09,84.59,78.76,78.76
2025-04-07 04:00:00,36.2,33.22,34.02,29.16,27.03,27.67,14.38,13.635,13.83,11.11,10.62,10.75,81.58,74.98,78.25
2025-04-08 04:00:00,35.94,32.36,32.65,28.5,25.6301,26.03,14.2704,13.51,13.66,11.03,10.47,10.56,81.075,75.22,76.44
2025-04-09 04:00:00,36.9,33.35,36.73,28.06,25.53,27.97,14.58,13.62,14.5,11.16,10.4637,11.09,83.21,74.49,82.36
2025-04-10 04:00:00,36.12,34.79,35.5,27.6,25.95,26.7,14.55,14.161,14.4,11.02,10.71,10.91,80.22,75.48,76.98
2025-04-11 04:00:00,36.72,35.4352,36.5,27.79,26.63,27.72,14.9549,14.61,14.895,11.295,10.9801,11.29,79.48,75.82,78.89
2025-04-14 04:00:00,37.8297,36.88,37.62,28.85,28.06,28.65,15.16,14.985,15.04,11.445,11.26,11.39,80.76,78.38,79.17
2025-04-15 04:00:00,38.23,36.75,36.85,28.88,28.1901,28.29,15.25,15.06,15.1004,11.48,11.36,11.37,80.52,79.005,79.05
2025-04-16 04:00:00,37.55,36.7461,36.98,28.32,27.44,27.83,15.24,15.0799,15.11,11.455,11.2501,11.32,81.045,79.34,79.7
2025-04-17 04:00:00,37.59,36.9151,37.16,28.24,27.595,28.16,15.39,15.2,15.29,11.54,11.35,11.52,82.755,80.31,81.5
2025-04-21 04:00:00,37.83,36.27,36.72,28.08,27.23,27.61,15.3124,15.0684,15.191,11.54,11.39,11.47,80.41,78.49,79.37
2025-04-22 04:00:00,37.34,36.78,37.09,29.31,28.15,28.85,15.4501,15.26,15.411,11.8,11.565,11.71,81.99,80.05,81.39
2025-04-23 04:00:00,38.4,37.205,37.23,29.17,28.13,28.29,15.58,15.3009,15.3479,11.65,11.47,11.49,82.98,80.74,81.24
2025-04-24 04:00:00,38.87,37.59,38.76,29.18,28.385,29.0,15.68,15.411,15.59,11.75,11.61,11.74,82.78,81.29,82.54
2025-04-25 04:00:00,38.63,38.0316,38.41,30.01,28.8583,29.88,15.7141,15.51,15.7141,11.87,11.66,11.85,82.46,81.48,82.39
2025-04-28 04:00:00,38.37,37.7381,38.04,30.03,29.48,29.79,15.8746,15.67,15.801,11.9559,11.85,11.93,83.195,82.19,82.97
2025-04-29 04:00:00,38.48,38.02,38.335,29.85,29.37,29.61,15.8,15.71,15.7401,11.98,11.89,11.92,83.03,81.88,82.73
2025-04-30 04:00:00,37.83,37.0001,37.81,28.72,27.82,28.38,15.718,15.5504,15.7086,11.79,11.62,11.77,81.515,79.505,80.5
2025-05-01 04:00:00,37.86,37.2718,37.45,29.1522,28.5685,28.8,15.87,15.6765,15.6918,11.865,11.74,11.74,81.86,79.84,80.8
2025-05-02 04:00:00,38.315,37.7425,38.2,29.545,29.1201,29.35,15.8796,15.7959,15.8272,11.9051,11.81,11.84,82.39,80.315,81.98
2025-05-05 04:00:00,38.32,37.89,37.89,29.14,28.61,28.85,15.92,15.86,15.9083,11.905,11.76,11.76,81.06,80.05,80.5
2025-05-06 04:00:00,38.4592,38.09,38.43,29.92,29.09,29.3,16.0899,15.97,16.0488,11.95,11.83,11.87,81.22,80.07,80.52
2025-05-07 04:00:00,38.51,37.91,38.32,29.75,29.205,29.6,15.9738,15.8633,15.93,11.875,11.78,11.82,80.9553,79.94,80.55
2025-05-08 04:00:00,38.8996,38.35,38.6,30.98,29.75,30.73,16.06,15.91,16.04,11.98,11.82,11.96,82.72,81.16,81.61
2025-05-09 04:00:00,39.31,38.6817,38.92,31.85,30.8,31.71,16.24,16.11,16.24,12.19,12.022,12.18,82.835,81.76,82.43
2025-05-12 04:00:00,40.3089,39.555,39.67,33.73,32.35,33.03,16.42,16.29,16.42,12.445,12.25,12.35,85.87,83.96,84.58
2025-05-13 04:00:00,40.1,39.62,39.93,35.55,34.0,34.72,16.82,16.63,16.8,12.93,12.6,12.81,86.445,84.66,85.77
2025-05-14 04:00:00,40.29,39.6337,39.77,35.59,34.6218,35.26,16.7,16.5808,16.65,12.96,12.83,12.93,85.58,84.92,85.25
2025-05-15 04:00:00,39.86,39.19,39.67,35.71,34.45,35.66,16.75,16.67,16.75,13.08,12.85,13.0,85.66,83.96,85.61
2025-05-16 04:00:00,39.41,38.94,39.31,35.9292,34.9,35.14,16.78,16.6908,16.78,13.05,12.8799,12.96,85.85,84.605,85.48
2025-05-19 04:00:00,38.28,37.82,38.15,34.58,33.83,34.27,16.83,16.63,16.83,12.87,12.725,12.83,84.86,83.745,84.37
2025-05-20 04:00:00,38.2354,37.95,38.11,35.12,34.205,34.48,17.3,17.15,17.3,13.06,12.94,12.99,84.5,83.51,83.59
2025-05-21 04:00:00,37.69,36.9,36.92,34.435,33.77,33.97,17.09,16.91,16.95,12.88,12.75,12.78,83.25,82.04,82.05
2025-05-22 04:00:00,37.4499,36.65,37.27,31.62,30.57,31.44,16.73,16.62,16.73,12.5,12.33,12.46,82.195,80.72,81.73
2025-05-23 04:00:00,37.68,37.065,37.55,32.04,30.75,31.73,16.82,16.57,16.8,12.585,12.305,12.55,82.195,80.98,81.99
2025-05-27 04:00:00,37.54,36.94,37.04,32.07,31.55,31.93,17.01,16.97,17.01,12.665,12.58,12.61,82.83,81.95,82.7
2025-05-28 04:00:00,36.93,36.47,36.53,31.9,31.54,31.68,17.02,16.9501,17.02,12.61,12.5301,12.56,83.35,81.44,81.65
2025-05-29 04:00:00,37.0,36.64,36.83,32.4,31.77,31.93,17.12,17.03,17.12,12.69,12.59,12.61,82.26,81.26,82.26
2025-05-30 04:00:00,36.685,36.2101,36.47,32.66,31.54,32.35,17.13,17.01,17.13,12.75,12.62,12.67,81.955,80.875,81.53
2025-06-02 04:00:00,36.42,35.715,36.04,32.41,31.46,31.82,17.24,17.085,17.22,12.7199,12.55,12.59,83.17,81.65,82.6
2025-06-03 04:00:00,36.88,35.89,36.76,33.17,31.58,33.09,17.36,17.15,17.36,12.81,12.465,12.8,84.095,81.88,83.58
2025-06-04 04:00:00,38.11,37.35,37.95,33.53,32.95,33.12,17.57,17.49,17.49,12.8752,12.7801,12.81,84.19,81.85,81.95
2025-06-05 04:00:00,39.51,38.88,39.13,33.7,32.735,33.33,17.57,17.47,17.4978,12.9,12.765,12.85,82.6,81.66,81.87
2025-06-06 04:00:00,39.13,38.53,38.77,33.75,33.26,33.59,17.678,17.61,17.64,12.97,12.8741,12.95,83.66,82.61,83.41
2025-06-09 04:00:00,40.07,39.225,39.854,34.44,33.7,33.78,17.7188,17.63,17.646,13.03,12.92,12.96,84.44,83.075,83.57
2025-06-10 04:00:00,40.4,39.9001,40.11,34.605,33.85,34.32,17.83,17.72,17.82,13.18,13.08,13.13,85.61,84.42,85.06
2025-06-11 04:00:00,40.4,39.6,39.87,34.92,34.27,34.54,17.95,17.86,17.91,13.33,13.195,13.24,86.43,84.8,86.29
2025-06-12 04:00:00,39.86,39.3,39.75,34.565,34.11,34.23,18.06,17.93,17.986,13.29,13.1901,13.25,86.615,85.26,86.59
2025-06-13 04:00:00,39.93,39.4,39.64,35.255,33.4501,34.97,17.98,17.8,17.8979,13.355,13.0509,13.3,88.57,86.95,88.1
2025-06-16 04:00:00,40.54,40.04,40.25,35.64,34.75,35.38,18.32,18.17,18.31,13.3665,13.21,13.31,88.75,87.175,87.84
2025-06-17 04:00:00,40.58,40.04,40.21,32.5,31.4,32.14,18.1,17.87,17.88,12.81,12.63,12.73,89.32,88.02,88.66
2025-06-18 04:00:00,40.3999,39.89,40.18,32.8,32.05,32.49,17.92,17.76,17.83,12.81,12.6752,12.7,89.43,87.88,88.08
2025-06-20 04:00:00,39.704,38.67,38.74,33.01,32.04,32.05,17.89,17.74,17.79,12.79,12.62,12.63,89.225,88.17,88.98
2025-06-23 04:00:00,39.05,38.35,39.04,32.3199,31.59,32.06,18.0,17.71,18.0,12.705,12.55,12.7,89.43,85.655,86.03
2025-06-24 04:00:00,40.03,39.4601,39.8,33.66,31.93,33.41,18.27,18.1,18.24,13.0051,12.765,12.96,85.8,84.585,84.91
2025-06-25 04:00:00,40.0,39.45,39.97,33.5745,33.0068,33.47,18.26,18.14,18.16,12.935,12.83,12.9,85.115,84.26,84.54
2025-06-26 04:00:00,41.7,40.74,41.54,34.56,33.83,34.31,18.41,18.165,18.334,13.15,13.01,13.11,85.92,84.52,85.75
2025-06-27 04:00:00,41.52,40.89,41.23,34.62,33.75,34.14,18.41,18.272,18.28,13.12,12.93,13.02,85.7,84.7901,85.3
2025-06-30 04:00:00,41.01,40.24,40.58,34.69,33.72,34.26,18.18,18.047,18.14,13.14,12.93,13.11,85.34,84.555,84.81
